Id,Category
0,Amy Ryan
1,Annette Bening
2,Adrien Brody
3,Adriana Barraza
4,Albert Brooks
5,Aaron Taylor-Johnson
6,Amber Heard
7,Adele
8,Ava Gardner
9,Alex Pettyfer
10,Anna Faris
11,Ashton Kutcher
12,Bill Hader
13,Barabara Palvin
14,Benjamin Bratt
15,Berenice Bejo
16,Alessandra Ambrosio
17,Alan Arkin
18,Abigail Breslin
19,Anderson Cooper
20,Ashley Graham
21,Ashley Greene
22,Benedict Cumberbatch
23,Adele
24,Ashley Greene
25,Alan Rickman
26,Andrew Luck
27,Benedict Cumberbatch
28,Adrien Brody
29,Ashton Kutcher
30,Angela Bassett
31,Ava Gardner
32,Amy Adams
33,Al Pacino
34,Andrew Garfield
35,Andreea Diaconu
36,Andrew Garfield
37,Ashton Kutcher
38,Anna Paquin
39,Alessandra Ambrosio
40,Bill O Reilly
41,bella thorne
42,Art Carney
43,Anne Baxter
44,Betty White
45,Amy Ryan
46,Barbra Streisand
47,Adrianne Palicki
48,Alan Arkin
49,Alessandra Ambrosio
50,Aaron Paul
51,Ava Gardner
52,Anna Faris
53,Andrew Garfield
54,Bill O Reilly
55,Alice Eve
56,Adele
57,Andrew Lincoln
58,Bill O Reilly
59,Alec Baldwin
60,Anderson Cooper
61,Armin Mueller-Stahl
62,Audrey Tautou
63,Bill O Reilly
64,Andy Garcia
65,Aaron Judge
66,Anna Sui
67,Bella Hadid
68,Barabara Palvin
69,Andy Serkis
70,Albert Brooks
71,Alx James
72,Analeigh Tipton
73,Amanda Seyfried
74,Anthony Mackie
75,Audrey Hepburn
76,Andy Samberg
77,Alessandra Ambrosio
78,Al Roker
79,Anna Friel
80,Al Pacino
81,Andreea Diaconu
82,Abigail Breslin
83,Anna Kendrick
84,Adele
85,Anjelica Huston
86,Adriana Lima
87,Angelina Jolie
88,Arnold Schwarzenegger
89,Anthony Mackie
90,Abigail Breslin
91,Benicio Del Toro
92,Amanda Seyfried
93,Barry Pepper
94,Alicia Vikander
95,Alx James
96,Amanda Crew
97,Anthony Mackie
98,Bill Daley
99,Berenice Bejo
100,Adriana Lima
101,Andrew Lincoln
102,Ashley Judd
103,Betty White
104,Albert Finney
105,Andy Murray
106,Anna Faris
107,Barabara Palvin
108,Ashley Judd
109,Bella Hadid
110,Bella Hadid
111,Amy Schumer
112,Ben Johnson
113,Ashley Greene
114,Audrey Tautou
115,Andrew Garfield
116,Bill Rancic
117,Aaron Paul
118,Anna Friel
119,Alexander Skarsgard
120,Anne Hathaway
121,Audrey Tautou
122,Aaron Paul
123,Alx James
124,Anthony Hopkins
125,Betty White
126,Andrew Luck
127,Alice Eve
128,Berenice Bejo
129,Bill Paxton
130,Barbra Streisand
131,Anne Hathaway
132,Abigail Breslin
133,Aaron Judge
134,Arnold Schwarzenegger
135,Adriana Barraza
136,Amanda Peet
137,Albert Finney
138,Ashley Judd
139,Bella Hadid
140,Adele
141,Amber Heard
142,Annette Bening
143,AnnaSophia Robb
144,Alec Baldwin
145,bella thorne
146,Billy Bob Thornton
147,Anna Faris
148,Andrew Lincoln
149,Aaron Paul
150,Albert Finney
151,Audrey Hepburn
152,Billy Bob Thornton
153,bella thorne
154,Ben Johnson
155,Audrey Hepburn
156,Andrew Lincoln
157,Alex Pettyfer
158,Benicio Del Toro
159,Anna Friel
160,Anna Paquin
161,Albert Finney
162,Anna Faris
163,Alex Pettyfer
164,Akemi Darenogare
165,Amy Schumer
166,Anna Friel
167,Andrew Garfield
168,Aaron Judge
169,Adrianne Palicki
170,Amanda Bynes
171,Bill Daley
172,Anthony Hopkins
173,Albert Finney
174,Beyonce Knowles
175,Art Carney
176,AnnaSophia Robb
177,Amanda Seyfried
178,Benedict Cumberbatch
179,Barbra Streisand
180,Albert Brooks
181,Anna Friel
182,Andrew Lincoln
183,Analeigh Tipton
184,Alexandra Daddario
185,Alexander Skarsgard
186,Anthony Hopkins
187,Adriana Lima
188,Annette Bening
189,Andrew Garfield
190,Berenice Bejo
191,Amanda Bynes
192,Anne Baxter
193,Anne Bancroft
194,Aaron Paul
195,Alexis Thorpe
196,Audrey Hepburn
197,Andy Serkis
198,Alan Arkin
199,Audrey Hepburn
200,Ashley Greene
201,Arnold Schwarzenegger
202,Antonio Banderas
203,Alessandra Ambrosio
204,Anthony Mackie
205,Aaron Judge
206,Bill Rancic
207,Barabara Palvin
208,Betty White
209,Bella Hadid
210,Anna Paquin
211,Billy Bob Thornton
212,Ali Larter
213,Amanda Bynes
214,Anne Bancroft
215,Anthony Mackie
216,Art Carney
217,Alex Pettyfer
218,Ben Stiller
219,Bill Pullman
220,Anna Faris
221,Abigail Breslin
222,Bill Hader
223,Adele
224,Adriana Lima
225,Benedict Cumberbatch
226,Anna Kendrick
227,Anna Kendrick
228,Adele
229,Anna Paquin
230,Alx James
231,Andy Murray
232,Amy Schumer
233,Aaron Judge
234,Ava Gardner
235,Ashton Kutcher
236,Adrianne Palicki
237,Adriana Lima
238,Anthony Perkins
239,Bella Hadid
240,Anna Faris
241,Anthony Hopkins
242,Anna Kendrick
243,Anthony Perkins
244,Bill Murray
245,Alexandra Daddario
246,Bill Murray
247,Aaron Taylor-Johnson
248,Andrew Luck
249,Benicio Del Toro
250,Angela Bassett
251,Arnold Schwarzenegger
252,Amanda Bynes
253,Angelina Jolie
254,Audrey Tautou
255,Ashton Kutcher
256,Anthony Perkins
257,Ashley Graham
258,Andreea Diaconu
259,Anna Kendrick
260,Alexandra Daddario
261,Ashley Judd
262,Amber Heard
263,Bill Daley
264,Alec Baldwin
265,Alicia Vikander
266,Barabara Palvin
267,Anderson Cooper
268,Amy Adams
269,Benedict Cumberbatch
270,Ashton Kutcher
271,Adele
272,Beyonce Knowles
273,Andy Serkis
274,Albert Finney
275,Benicio Del Toro
276,Andrew Garfield
277,Beyonce Knowles
278,Alx James
279,Anne Bancroft
280,Adriana Lima
281,Amber Heard
282,Antonio Banderas
283,bella thorne
284,Anne Hathaway
285,Anderson Cooper
286,Aaron Judge
287,Andreea Diaconu
288,Anne Baxter
289,Alex Pettyfer
290,Alexander Skarsgard
291,Bill Hader
292,bella thorne
293,Alan Rickman
294,bella thorne
295,Andy Serkis
296,Amy Schumer
297,Andy Serkis
298,Alex Pettyfer
299,Andrew Lincoln
300,Albert Finney
301,Bill Pullman
302,Amanda Seyfried
303,Antonio Banderas
304,Anna Sui
305,Bill O Reilly
306,Analeigh Tipton
307,Andy Serkis
308,Anna Faris
309,Anna Kendrick
310,Anthony Mackie
311,Ben Affleck
312,Aaron Paul
313,Alx James
314,Bill Pullman
315,Adriana Barraza
316,Anna Friel
317,Alessandra Ambrosio
318,Andy Garcia
319,Ashton Kutcher
320,Andrew Lincoln
321,Alicia Vikander
322,Adrien Brody
323,Bernie Mac
324,Alan Arkin
325,Audrey Tautou
326,Bette Midler
327,Barry Pepper
328,Bill Hader
329,Anjelica Huston
330,Andreea Diaconu
331,Alexis Thorpe
332,Anthony Mackie
333,Aaron Taylor-Johnson
334,Anna Friel
335,Anthony Perkins
336,Audrey Tautou
337,Ashton Kutcher
338,Adrianne Palicki
339,Alexander Skarsgard
340,Andrew Lincoln
341,Ben Affleck
342,Alx James
343,Andrew Luck
344,Andy Serkis
345,Angelina Jolie
346,Art Carney
347,Ben Affleck
348,Anderson Cooper
349,Benjamin Bratt
350,Abigail Breslin
351,Andrew Luck
352,Ashley Judd
353,Billy Bob Thornton
354,Benjamin Bratt
355,Andrew Garfield
356,Barabara Palvin
357,Analeigh Tipton
358,Anthony Perkins
359,Amanda Peet
360,Anna Sui
361,bella thorne
362,Alan Alda
363,Amy Schumer
364,Angelina Jolie
365,Alx James
366,Alicia Vikander
367,Angela Bassett
368,Anne Baxter
369,Albert Brooks
370,Berenice Bejo
371,Andrew Garfield
372,Ben Kingsley
373,Benedict Cumberbatch
374,Bill Pullman
375,Albert Brooks
376,Amanda Bynes
377,Ashley Graham
378,Alx James
379,Andrew Lincoln
380,Audrey Tautou
381,Ashley Graham
382,Ashton Kutcher
383,Adriana Lima
384,Andy Garcia
385,Arnold Schwarzenegger
386,Adrien Brody
387,Betty White
388,Ben Johnson
389,Anna Paquin
390,Alan Arkin
391,Alice Eve
392,Anthony Perkins
393,Bette Midler
394,Albert Finney
395,Anna Faris
396,Ben Johnson
397,Audrey Hepburn
398,Adam Sandler
399,AnnaSophia Robb
400,Anthony Mackie
401,Bella Hadid
402,Arnold Schwarzenegger
403,Ben Kingsley
404,Alan Arkin
405,Ashton Kutcher
406,Alexis Thorpe
407,Aaron Paul
408,Alx James
409,Adriana Lima
410,Audrey Tautou
411,Angela Bassett
412,Adrien Brody
413,Alex Pettyfer
414,Barry Pepper
415,Adele
416,Anthony Perkins
417,Ben Stiller
418,Alan Alda
419,Anthony Mackie
420,Alexandra Daddario
421,Al Pacino
422,Andy Garcia
423,Alx James
424,Ashton Kutcher
425,Berenice Bejo
426,Andy Samberg
427,Anthony Perkins
428,Andreea Diaconu
429,Anna Faris
430,Art Carney
431,Ben Kingsley
432,Aaron Judge
433,Ben Johnson
434,Adriana Barraza
435,Benjamin Bratt
436,Bill Paxton
437,Bill Pullman
438,Anderson Cooper
439,Ben Kingsley
440,Amy Ryan
441,Alice Eve
442,Alexandra Daddario
443,Alice Eve
444,Ben Affleck
445,Benjamin Bratt
446,Art Carney
447,Anjelica Huston
448,Annette Bening
449,Berenice Bejo
450,Angela Bassett
451,Art Carney
452,Antonio Banderas
453,Alicia Vikander
454,Angela Bassett
455,Alexander Skarsgard
456,Alan Rickman
457,Alan Arkin
458,Alex Pettyfer
459,Adrien Brody
460,AnnaSophia Robb
461,Anthony Hopkins
462,Analeigh Tipton
463,Antonio Banderas
464,Amanda Crew
465,Andy Garcia
466,Benicio Del Toro
467,Anne Hathaway
468,Anna Sui
469,Ben Affleck
470,Antonio Banderas
471,Andy Garcia
472,Andy Murray
473,Aaron Taylor-Johnson
474,Annette Bening
475,Ashley Judd
476,Aaron Judge
477,Alan Alda
478,Antonio Banderas
479,Bill O Reilly
480,Benedict Cumberbatch
481,Andy Garcia
482,Anjelica Huston
483,Andy Garcia
484,Abigail Breslin
485,Abigail Breslin
486,Alan Rickman
487,Annette Bening
488,Ava Gardner
489,Alec Baldwin
490,Berenice Bejo
491,Ali Larter
492,Andrew Luck
493,Barabara Palvin
494,Adam Sandler
495,Beyonce Knowles
496,Aaron Paul
497,Alexander Skarsgard
498,Andrew Luck
499,Abigail Breslin
500,Alec Baldwin
501,Anderson Cooper
502,Andy Serkis
503,Annette Bening
504,Anna Sui
505,Alan Arkin
506,Anthony Perkins
507,Anna Sui
508,Benjamin Bratt
509,bella thorne
510,Antonio Banderas
511,Arnold Schwarzenegger
512,Barry Pepper
513,Alec Baldwin
514,Ava Gardner
515,Bernie Mac
516,Alessandra Ambrosio
517,Adrianne Palicki
518,Anthony Perkins
519,Ben Kingsley
520,Barabara Palvin
521,Alice Eve
522,Andrew Garfield
523,Bill Hader
524,Ben Kingsley
525,Bill Daley
526,Audrey Hepburn
527,Bill Murray
528,Albert Finney
529,Adam Sandler
530,Andrew Garfield
531,Anjelica Huston
532,Abigail Breslin
533,Angela Bassett
534,Ben Kingsley
535,Alan Alda
536,Ben Foster
537,Adele
538,Audrey Hepburn
539,Bernie Mac
540,Ben Johnson
541,Akemi Darenogare
542,Anderson Cooper
543,Abigail Breslin
544,Alec Baldwin
545,bella thorne
546,Alicia Vikander
547,Anna Sui
548,Art Carney
549,Anderson Cooper
550,Bill Rancic
551,Adrianne Palicki
552,Benedict Cumberbatch
553,Ben Affleck
554,Alexandra Daddario
555,Alice Eve
556,Andy Garcia
557,Alexander Skarsgard
558,Bill Hader
559,Bill Hader
560,Audrey Hepburn
561,Benedict Cumberbatch
562,Anthony Hopkins
563,Akemi Darenogare
564,Aaron Judge
565,Benjamin Bratt
566,Arnold Schwarzenegger
567,Alan Arkin
568,Alex Pettyfer
569,Ben Stiller
570,Alex Pettyfer
571,Albert Finney
572,Anna Friel
573,Billy Bob Thornton
574,Bella Hadid
575,Andy Serkis
576,Amanda Seyfried
577,Benjamin Bratt
578,Bill O Reilly
579,Anna Friel
580,Bette Midler
581,Ashton Kutcher
582,Andie MacDowell
583,Ashton Kutcher
584,Anderson Cooper
585,Anthony Hopkins
586,Adrianne Palicki
587,Al Roker
588,Anne Bancroft
589,Alec Baldwin
590,Al Roker
591,Bella Hadid
592,Ben Johnson
593,Ben Affleck
594,Ashton Kutcher
595,bella thorne
596,Art Carney
597,Alan Alda
598,Al Roker
599,Amanda Seyfried
600,Bill Murray
601,Alan Alda
602,Anne Baxter
603,Anna Friel
604,Abigail Breslin
605,Bette Midler
606,Amber Heard
607,Arnold Schwarzenegger
608,Alexander Skarsgard
609,Bella Hadid
610,Aaron Paul
611,Adele
612,Antonio Banderas
613,Beyonce Knowles
614,Anthony Perkins
615,Amber Heard
616,Annette Bening
617,Audrey Hepburn
618,Betty White
619,Art Carney
620,Alan Rickman
621,Amy Ryan
622,Andy Serkis
623,Bill Rancic
624,Alan Alda
625,Anna Faris
626,Adrianne Palicki
627,Art Carney
628,Anthony Mackie
629,Ashley Greene
630,Annette Bening
631,Albert Brooks
632,Benedict Cumberbatch
633,Andrew Luck
634,Adriana Lima
635,Audrey Hepburn
636,Alex Pettyfer
637,Audrey Tautou
638,Ashley Greene
639,Albert Finney
640,Adrien Brody
641,Bill Daley
642,Antonio Banderas
643,Andy Samberg
644,Amy Adams
645,Alessandra Ambrosio
646,Barabara Palvin
647,Andrew Garfield
648,Alice Eve
649,Andrew Luck
650,Ashley Judd
651,Bill Pullman
652,Ali Larter
653,Amber Heard
654,Albert Finney
655,Alexander Skarsgard
656,Anna Faris
657,Antonio Banderas
658,Bernie Mac
659,Akemi Darenogare
660,Amanda Seyfried
661,Anne Bancroft
662,Adriana Barraza
663,Audrey Hepburn
664,Barbra Streisand
665,Andy Garcia
666,Bill Murray
667,Albert Finney
668,Benedict Cumberbatch
669,Ashton Kutcher
670,Anderson Cooper
671,Alexander Skarsgard
672,Anna Sui
673,Alice Eve
674,Ashton Kutcher
675,Ali Larter
676,Anthony Hopkins
677,Amanda Bynes
678,Benedict Cumberbatch
679,Amy Ryan
680,Amy Schumer
681,Alice Eve
682,Ali Larter
683,Barbra Streisand
684,Audrey Hepburn
685,Ben Stiller
686,Bill Murray
687,Annette Bening
688,Barbra Streisand
689,Anna Kendrick
690,Abigail Breslin
691,Bill Murray
692,Andy Garcia
693,Andrew Garfield
694,Andy Samberg
695,Anna Faris
696,Bella Hadid
697,Andrew Garfield
698,Amanda Bynes
699,Ashley Greene
700,Barbra Streisand
701,Ashley Graham
702,Berenice Bejo
703,Audrey Tautou
704,Andy Samberg
705,Adriana Lima
706,Armin Mueller-Stahl
707,Art Carney
708,Aaron Paul
709,Alx James
710,Alx James
711,Andie MacDowell
712,Bill Pullman
713,Anne Baxter
714,Albert Brooks
715,Alan Arkin
716,Annette Bening
717,Anne Bancroft
718,Anthony Hopkins
719,Ben Johnson
720,Andrew Garfield
721,Aaron Paul
722,Anna Paquin
723,Abigail Breslin
724,Aaron Paul
725,Arnold Schwarzenegger
726,Bella Hadid
727,Amanda Crew
728,Adele
729,Benicio Del Toro
730,Ben Affleck
731,Aaron Paul
732,Audrey Hepburn
733,Adriana Lima
734,Anne Hathaway
735,Alx James
736,Anna Paquin
737,Ava Gardner
738,Bill Rancic
739,Alex Pettyfer
740,Anthony Hopkins
741,Anthony Mackie
742,Art Carney
743,Bill O Reilly
744,Alicia Vikander
745,Ashley Greene
746,Annette Bening
747,bella thorne
748,Akemi Darenogare
749,Alec Baldwin
750,Akemi Darenogare
751,Anna Kendrick
752,Benedict Cumberbatch
753,Annette Bening
754,Antonio Banderas
755,Ben Foster
756,Anthony Hopkins
757,Billy Bob Thornton
758,Ben Affleck
759,Barry Pepper
760,Aaron Judge
761,Art Carney
762,Andy Serkis
763,Alexandra Daddario
764,Anna Friel
765,Anthony Perkins
766,Amanda Bynes
767,Art Carney
768,Andy Garcia
769,Bill Paxton
770,Audrey Tautou
771,Ashley Greene
772,Alessandra Ambrosio
773,Benjamin Bratt
774,Bella Hadid
775,Annette Bening
776,Andrew Luck
777,Alessandra Ambrosio
778,Ben Kingsley
779,Ava Gardner
780,Andreea Diaconu
781,Andy Serkis
782,Ava Gardner
783,Bill Paxton
784,Amanda Peet
785,Aaron Judge
786,AnnaSophia Robb
787,bella thorne
788,Alec Baldwin
789,Adriana Lima
790,Bill Murray
791,Armin Mueller-Stahl
792,Audrey Hepburn
793,Andie MacDowell
794,Ava Gardner
795,Anna Sui
796,Amy Ryan
797,Ben Affleck
798,Betty White
799,Betty White
800,Anna Kendrick
801,Anjelica Huston
802,Analeigh Tipton
803,Aaron Judge
804,Anna Faris
805,Amy Adams
806,Angela Bassett
807,Al Pacino
808,Anne Hathaway
809,Art Carney
810,Adrianne Palicki
811,bella thorne
812,Ben Affleck
813,Angelina Jolie
814,Anthony Perkins
815,Andy Garcia
816,Ashton Kutcher
817,Andreea Diaconu
818,Barry Pepper
819,AnnaSophia Robb
820,Adrianne Palicki
821,Andreea Diaconu
822,Anna Friel
823,Bill Rancic
824,Adrien Brody
825,Akemi Darenogare
826,Audrey Hepburn
827,Anne Baxter
828,Betty White
829,Ben Johnson
830,Andreea Diaconu
831,Alex Pettyfer
832,Berenice Bejo
833,Ben Kingsley
834,Amanda Bynes
835,Andy Murray
836,Alex Pettyfer
837,Abigail Breslin
838,Anne Baxter
839,Benjamin Bratt
840,Betty White
841,Adriana Lima
842,Antonio Banderas
843,Ava Gardner
844,Andy Garcia
845,bella thorne
846,Andrew Luck
847,Barbra Streisand
848,Aaron Paul
849,Adrien Brody
850,Benicio Del Toro
851,Aaron Paul
852,Alicia Vikander
853,Angelina Jolie
854,Alan Rickman
855,Andy Serkis
856,Beyonce Knowles
857,Amanda Peet
858,Bella Hadid
859,Bill O Reilly
860,Anne Baxter
861,Alex Pettyfer
862,Benicio Del Toro
863,Andy Garcia
864,Amy Schumer
865,Ben Stiller
866,Aaron Taylor-Johnson
867,Anne Hathaway
868,Antonio Banderas
869,Bill Daley
870,Anjelica Huston
871,Ashley Judd
872,Albert Finney
873,Benicio Del Toro
874,Bernie Mac
875,Ben Johnson
876,Bill Murray
877,Amy Ryan
878,Amy Schumer
879,Andie MacDowell
880,Ava Gardner
881,Barbra Streisand
882,Bill Daley
883,Alan Alda
884,Anna Faris
885,Ashley Greene
886,Anna Kendrick
887,Annette Bening
888,Benedict Cumberbatch
889,Ben Affleck
890,Alessandra Ambrosio
891,Alx James
892,Alessandra Ambrosio
893,Barry Pepper
894,Berenice Bejo
895,Betty White
896,Andreea Diaconu
897,Antonio Banderas
898,Ava Gardner
899,Ashley Graham
900,Anna Sui
901,Analeigh Tipton
902,Amy Ryan
903,Andy Serkis
904,Bill Pullman
905,Anna Kendrick
906,Alessandra Ambrosio
907,Anne Baxter
908,Alx James
909,Andrew Luck
910,Anthony Mackie
911,Andy Samberg
912,Barry Pepper
913,Ava Gardner
914,Audrey Tautou
915,Anna Paquin
916,Anne Baxter
917,Ashley Judd
918,Alan Rickman
919,Amy Adams
920,Benicio Del Toro
921,bella thorne
922,Anne Baxter
923,Audrey Hepburn
924,Art Carney
925,Alexis Thorpe
926,Anjelica Huston
927,Ben Kingsley
928,Al Roker
929,Alan Arkin
930,Angela Bassett
931,Amy Schumer
932,Ali Larter
933,Barry Pepper
934,Anne Hathaway
935,Andie MacDowell
936,Bill Rancic
937,Bill O Reilly
938,Amanda Peet
939,Anthony Hopkins
940,Ashley Greene
941,Alan Alda
942,Akemi Darenogare
943,Alice Eve
944,Bill O Reilly
945,Ben Foster
946,Ashley Judd
947,Armin Mueller-Stahl
948,Adriana Barraza
949,Adriana Barraza
950,Ali Larter
951,Alexandra Daddario
952,Ben Stiller
953,Alan Arkin
954,Ben Affleck
955,Alex Pettyfer
956,Akemi Darenogare
957,Beyonce Knowles
958,bella thorne
959,Barry Pepper
960,Barabara Palvin
961,Aaron Paul
962,Amber Heard
963,Bill Murray
964,Amanda Seyfried
965,Ashley Judd
966,Anne Hathaway
967,Analeigh Tipton
968,Alx James
969,Betty White
970,Anna Friel
971,Aaron Paul
972,Amanda Peet
973,Anne Baxter
974,Adriana Barraza
975,Bill Murray
976,Alessandra Ambrosio
977,Audrey Tautou
978,Alexandra Daddario
979,Anna Friel
980,Anthony Hopkins
981,Alan Alda
982,Andrew Luck
983,Aaron Paul
984,Ben Foster
985,Analeigh Tipton
986,Alx James
987,Anthony Mackie
988,Alan Alda
989,Al Pacino
990,Barabara Palvin
991,Beyonce Knowles
992,Ashley Judd
993,Alexis Thorpe
994,Bill Hader
995,Alicia Vikander
996,Art Carney
997,Alx James
998,Ben Affleck
999,Akemi Darenogare
1000,Anne Hathaway
1001,Benjamin Bratt
1002,Annette Bening
1003,Benjamin Bratt
1004,Alan Arkin
1005,Anthony Perkins
1006,Anna Faris
1007,Amy Schumer
1008,Bill Hader
1009,Anna Kendrick
1010,Alan Alda
1011,Alessandra Ambrosio
1012,Adrianne Palicki
1013,Bill Murray
1014,Berenice Bejo
1015,Berenice Bejo
1016,Ashton Kutcher
1017,Akemi Darenogare
1018,Anna Kendrick
1019,Adriana Lima
1020,Alessandra Ambrosio
1021,Benicio Del Toro
1022,Anderson Cooper
1023,Anthony Mackie
1024,Ashton Kutcher
1025,Audrey Tautou
1026,Aaron Judge
1027,Arnold Schwarzenegger
1028,Betty White
1029,Bill Rancic
1030,Abigail Breslin
1031,Angelina Jolie
1032,Adriana Lima
1033,Ashton Kutcher
1034,Anne Hathaway
1035,Amanda Crew
1036,Audrey Hepburn
1037,Analeigh Tipton
1038,Abigail Breslin
1039,Anjelica Huston
1040,Andy Samberg
1041,Adrianne Palicki
1042,Alan Arkin
1043,Andie MacDowell
1044,Alec Baldwin
1045,Anne Hathaway
1046,Anna Faris
1047,Anne Hathaway
1048,Bette Midler
1049,Amanda Peet
1050,Adriana Lima
1051,Angelina Jolie
1052,Amanda Seyfried
1053,Anthony Perkins
1054,Adriana Barraza
1055,Andy Serkis
1056,Ben Stiller
1057,Ashton Kutcher
1058,Andrew Luck
1059,Amy Schumer
1060,Aaron Paul
1061,Betty White
1062,Bill Daley
1063,Benjamin Bratt
1064,Anna Faris
1065,Albert Finney
1066,Benicio Del Toro
1067,Bette Midler
1068,Aaron Paul
1069,Al Roker
1070,Ava Gardner
1071,Adrianne Palicki
1072,Arnold Schwarzenegger
1073,Berenice Bejo
1074,Aaron Taylor-Johnson
1075,Barabara Palvin
1076,Audrey Tautou
1077,Alessandra Ambrosio
1078,Arnold Schwarzenegger
1079,Ashton Kutcher
1080,Alexandra Daddario
1081,Ashley Graham
1082,Abigail Breslin
1083,Anthony Hopkins
1084,Ashley Judd
1085,Adrianne Palicki
1086,Amanda Seyfried
1087,Barabara Palvin
1088,Abigail Breslin
1089,Adriana Barraza
1090,Bill Pullman
1091,Arnold Schwarzenegger
1092,Barbra Streisand
1093,Antonio Banderas
1094,Barabara Palvin
1095,Anthony Perkins
1096,Aaron Paul
1097,Anne Bancroft
1098,Adam Sandler
1099,Albert Brooks
1100,Billy Bob Thornton
1101,Betty White
1102,Ben Affleck
1103,Andy Murray
1104,Bill Pullman
1105,bella thorne
1106,Alan Arkin
1107,Ashton Kutcher
1108,Andie MacDowell
1109,Aaron Taylor-Johnson
1110,Akemi Darenogare
1111,Benicio Del Toro
1112,Ashley Greene
1113,Andy Murray
1114,Aaron Judge
1115,Barry Pepper
1116,Anne Baxter
1117,Anna Friel
1118,Bernie Mac
1119,Alicia Vikander
1120,Anne Baxter
1121,Anne Baxter
1122,Amanda Peet
1123,Alessandra Ambrosio
1124,Ben Foster
1125,Audrey Tautou
1126,Anne Baxter
1127,Amanda Bynes
1128,Al Roker
1129,Andreea Diaconu
1130,Anthony Mackie
1131,Bill Daley
1132,Andy Serkis
1133,Adriana Lima
1134,Anne Hathaway
1135,Adele
1136,Billy Bob Thornton
1137,Bill Murray
1138,Barabara Palvin
1139,Andrew Luck
1140,Anna Kendrick
1141,Art Carney
1142,Anthony Perkins
1143,Al Roker
1144,Billy Bob Thornton
1145,Ashley Greene
1146,Ashley Greene
1147,Alexandra Daddario
1148,Alex Pettyfer
1149,Arnold Schwarzenegger
1150,Art Carney
1151,Anne Hathaway
1152,Alice Eve
1153,Audrey Hepburn
1154,Angelina Jolie
1155,Alan Rickman
1156,Andy Samberg
1157,Andrew Luck
1158,AnnaSophia Robb
1159,Bill Daley
1160,Alan Alda
1161,Bette Midler
1162,Bernie Mac
1163,Ashton Kutcher
1164,Albert Finney
1165,Adriana Barraza
1166,Betty White
1167,Amy Adams
1168,Andy Samberg
1169,Ashley Greene
1170,Aaron Paul
1171,Anne Baxter
1172,Anne Baxter
1173,Art Carney
1174,Andrew Luck
1175,Berenice Bejo
1176,Adriana Lima
1177,Billy Bob Thornton
1178,Anne Baxter
1179,Audrey Tautou
1180,Adriana Lima
1181,Alan Arkin
1182,Al Roker
1183,Ben Kingsley
1184,Bella Hadid
1185,Ben Johnson
1186,Bill Pullman
1187,Aaron Judge
1188,Amanda Peet
1189,Anne Hathaway
1190,Alicia Vikander
1191,Billy Bob Thornton
1192,Billy Bob Thornton
1193,Andy Samberg
1194,Amber Heard
1195,Betty White
1196,Analeigh Tipton
1197,Anna Sui
1198,Armin Mueller-Stahl
1199,Adrien Brody
1200,Bill Murray
1201,Anna Faris
1202,Alan Rickman
1203,Andreea Diaconu
1204,Barbra Streisand
1205,Ben Affleck
1206,Alexandra Daddario
1207,Bill Pullman
1208,Amy Schumer
1209,Al Roker
1210,Bill Daley
1211,Ben Stiller
1212,Anderson Cooper
1213,Aaron Paul
1214,Alan Arkin
1215,Ashley Graham
1216,Bill O Reilly
1217,Amy Schumer
1218,Ava Gardner
1219,Alexis Thorpe
1220,Angelina Jolie
1221,Amanda Seyfried
1222,Art Carney
1223,Anna Friel
1224,Barbra Streisand
1225,Anna Faris
1226,Ben Johnson
1227,Barbra Streisand
1228,Anthony Perkins
1229,Barry Pepper
1230,Billy Bob Thornton
1231,Bill Murray
1232,Abigail Breslin
1233,Audrey Hepburn
1234,Ashley Graham
1235,Amber Heard
1236,Amy Schumer
1237,Audrey Tautou
1238,Benjamin Bratt
1239,Andie MacDowell
1240,Bill O Reilly
1241,Barry Pepper
1242,Audrey Tautou
1243,Alx James
1244,Bill Murray
1245,Bill Hader
1246,bella thorne
1247,Aaron Judge
1248,Anjelica Huston
1249,Akemi Darenogare
1250,Barry Pepper
1251,Berenice Bejo
1252,Alan Alda
1253,Alx James
1254,Amanda Peet
1255,Andrew Luck
1256,Andy Samberg
1257,Angelina Jolie
1258,Bill Paxton
1259,Angela Bassett
1260,Bernie Mac
1261,Andy Garcia
1262,Barry Pepper
1263,Anthony Hopkins
1264,Anthony Mackie
1265,Anna Faris
1266,Anne Hathaway
1267,Ashton Kutcher
1268,Anna Sui
1269,Betty White
1270,Amy Schumer
1271,Andy Garcia
1272,Art Carney
1273,Abigail Breslin
1274,Aaron Taylor-Johnson
1275,Bette Midler
1276,Aaron Paul
1277,Benicio Del Toro
1278,Anna Sui
1279,Adam Sandler
1280,Adele
1281,Anne Hathaway
1282,Analeigh Tipton
1283,Bill Murray
1284,Ashley Graham
1285,Aaron Paul
1286,Amy Adams
1287,Berenice Bejo
1288,Audrey Hepburn
1289,Alexis Thorpe
1290,Alan Arkin
1291,Billy Bob Thornton
1292,Arnold Schwarzenegger
1293,Bella Hadid
1294,Bill Daley
1295,Aaron Judge
1296,Ashley Graham
1297,Anthony Hopkins
1298,Andrew Lincoln
1299,Anne Bancroft
1300,Angelina Jolie
1301,Audrey Hepburn
1302,Angelina Jolie
1303,Albert Finney
1304,Audrey Hepburn
1305,Anna Faris
1306,Barry Pepper
1307,Bill Rancic
1308,Aaron Taylor-Johnson
1309,Barabara Palvin
1310,Amanda Bynes
1311,Bill Hader
1312,Adriana Lima
1313,Andy Garcia
1314,Aaron Paul
1315,Bette Midler
1316,Audrey Hepburn
1317,Anne Baxter
1318,Albert Finney
1319,Audrey Tautou
1320,Barabara Palvin
1321,Ashley Greene
1322,Barbra Streisand
1323,Bill Murray
1324,Bill O Reilly
1325,Audrey Hepburn
1326,Anne Baxter
1327,bella thorne
1328,Andy Murray
1329,Ashton Kutcher
1330,Barry Pepper
1331,Amy Adams
1332,Ashton Kutcher
1333,Anthony Perkins
1334,Ben Foster
1335,Alan Arkin
1336,Ashton Kutcher
1337,AnnaSophia Robb
1338,AnnaSophia Robb
1339,Anna Friel
1340,Aaron Paul
1341,Alexandra Daddario
1342,Aaron Taylor-Johnson
1343,Bill Rancic
1344,Anna Kendrick
1345,Andy Serkis
1346,Betty White
1347,Andy Garcia
1348,Bernie Mac
1349,Anne Bancroft
1350,Bill Hader
1351,Anna Sui
1352,Betty White
1353,Benicio Del Toro
1354,Alexander Skarsgard
1355,Anthony Perkins
1356,Bill O Reilly
1357,Ashton Kutcher
1358,Alessandra Ambrosio
1359,Alexis Thorpe
1360,Annette Bening
1361,Arnold Schwarzenegger
1362,Benjamin Bratt
1363,Adrianne Palicki
1364,Ben Johnson
1365,Ashley Greene
1366,Ali Larter
1367,Ashley Graham
1368,Audrey Tautou
1369,Berenice Bejo
1370,Anna Kendrick
1371,Alessandra Ambrosio
1372,Anjelica Huston
1373,Annette Bening
1374,Aaron Judge
1375,Angelina Jolie
1376,Ben Johnson
1377,Al Pacino
1378,Alice Eve
1379,Anne Baxter
1380,Alan Rickman
1381,Andy Garcia
1382,Bill Murray
1383,Alan Alda
1384,Amber Heard
1385,Barabara Palvin
1386,Amber Heard
1387,Andie MacDowell
1388,Alessandra Ambrosio
1389,Anderson Cooper
1390,Ben Johnson
1391,Adrien Brody
1392,Anna Paquin
1393,Bill Paxton
1394,Alan Alda
1395,Ali Larter
1396,Barry Pepper
1397,Anne Baxter
1398,Bill Rancic
1399,Bill Murray
1400,Betty White
1401,Ashley Graham
1402,Ava Gardner
1403,Albert Brooks
1404,Alice Eve
1405,Alexis Thorpe
1406,Arnold Schwarzenegger
1407,Ashton Kutcher
1408,Bill Murray
1409,Akemi Darenogare
1410,Bill Daley
1411,Bill Pullman
1412,Andrew Garfield
1413,Anthony Hopkins
1414,Alec Baldwin
1415,Adrianne Palicki
1416,Ashley Graham
1417,Andy Serkis
1418,Audrey Hepburn
1419,Benedict Cumberbatch
1420,Arnold Schwarzenegger
1421,Art Carney
1422,Anne Baxter
1423,Ben Stiller
1424,Adriana Lima
1425,Ben Affleck
1426,Albert Finney
1427,Alessandra Ambrosio
1428,Ben Stiller
1429,Anjelica Huston
1430,Analeigh Tipton
1431,Anthony Hopkins
1432,Adrianne Palicki
1433,Adriana Lima
1434,Andy Samberg
1435,Alx James
1436,Benjamin Bratt
1437,Bella Hadid
1438,Ashton Kutcher
1439,Bill Hader
1440,Audrey Hepburn
1441,Andreea Diaconu
1442,Benicio Del Toro
1443,Ben Stiller
1444,Bill Pullman
1445,Andrew Lincoln
1446,Anthony Mackie
1447,Adriana Lima
1448,Arnold Schwarzenegger
1449,Alex Pettyfer
1450,Amy Schumer
1451,Arnold Schwarzenegger
1452,Andreea Diaconu
1453,Adrianne Palicki
1454,Andy Serkis
1455,Ashton Kutcher
1456,Alexis Thorpe
1457,Anna Paquin
1458,Aaron Judge
1459,Bernie Mac
1460,Aaron Paul
1461,Anthony Hopkins
1462,Ashley Judd
1463,Adriana Lima
1464,Bill Rancic
1465,Benjamin Bratt
1466,Al Pacino
1467,Benjamin Bratt
1468,Aaron Taylor-Johnson
1469,Armin Mueller-Stahl
1470,AnnaSophia Robb
1471,Billy Bob Thornton
1472,Alan Alda
1473,Audrey Tautou
1474,Abigail Breslin
1475,Adrianne Palicki
1476,Bella Hadid
1477,Billy Bob Thornton
1478,Bella Hadid
1479,Anthony Mackie
1480,Ashley Graham
1481,Andreea Diaconu
1482,Abigail Breslin
1483,Andy Serkis
1484,Alessandra Ambrosio
1485,Al Pacino
1486,Alx James
1487,Ben Johnson
1488,Beyonce Knowles
1489,Aaron Judge
1490,Andy Murray
1491,Alan Arkin
1492,Benedict Cumberbatch
1493,Barry Pepper
1494,Aaron Judge
1495,Anna Kendrick
1496,Aaron Paul
1497,Angela Bassett
1498,Alexandra Daddario
1499,Benjamin Bratt
1500,Bernie Mac
1501,Alexander Skarsgard
1502,Armin Mueller-Stahl
1503,Anne Bancroft
1504,Benedict Cumberbatch
1505,Bernie Mac
1506,Ashton Kutcher
1507,Anna Friel
1508,Adele
1509,Albert Finney
1510,Andy Samberg
1511,Albert Finney
1512,Ben Johnson
1513,Berenice Bejo
1514,Ashley Graham
1515,Barabara Palvin
1516,Adriana Lima
1517,Antonio Banderas
1518,Andy Garcia
1519,Bill Hader
1520,Bill Paxton
1521,Alan Rickman
1522,Alexander Skarsgard
1523,Alexis Thorpe
1524,Aaron Taylor-Johnson
1525,Aaron Judge
1526,Anna Paquin
1527,Alan Arkin
1528,Ben Kingsley
1529,Albert Finney
1530,Ashley Graham
1531,Ashley Graham
1532,Adrianne Palicki
1533,Andreea Diaconu
1534,Barbra Streisand
1535,Ashley Judd
1536,Analeigh Tipton
1537,Alex Pettyfer
1538,Bill Daley
1539,Andie MacDowell
1540,Anderson Cooper
1541,Anne Hathaway
1542,Alan Alda
1543,Audrey Hepburn
1544,Alexandra Daddario
1545,Arnold Schwarzenegger
1546,Alan Alda
1547,Barbra Streisand
1548,Andrew Lincoln
1549,Amber Heard
1550,Angelina Jolie
1551,Bill Rancic
1552,Ben Affleck
1553,Ben Johnson
1554,Ashton Kutcher
1555,Alex Pettyfer
1556,Audrey Tautou
1557,Angela Bassett
1558,Andreea Diaconu
1559,Ashley Greene
1560,Adriana Barraza
1561,AnnaSophia Robb
1562,Amy Adams
1563,Ben Affleck
1564,Armin Mueller-Stahl
1565,Alex Pettyfer
1566,Ashley Graham
1567,Andy Serkis
1568,Amanda Crew
1569,Akemi Darenogare
1570,Amy Ryan
1571,Anderson Cooper
1572,Amy Ryan
1573,Ben Stiller
1574,Andrew Lincoln
1575,Barry Pepper
1576,Andrew Lincoln
1577,Adam Sandler
1578,Andreea Diaconu
1579,Ben Stiller
1580,Bill Pullman
1581,Alan Rickman
1582,Bill Pullman
1583,Amanda Seyfried
1584,Alan Rickman
1585,Ali Larter
1586,Bill Hader
1587,Andy Murray
1588,Adam Sandler
1589,Barabara Palvin
1590,Bill Murray
1591,Anna Faris
1592,Anna Sui
1593,Ava Gardner
1594,Alan Rickman
1595,Ben Foster
1596,Albert Finney
1597,Alan Arkin
1598,Aaron Judge
1599,Amanda Bynes
1600,Anthony Mackie
1601,Billy Bob Thornton
1602,Anne Hathaway
1603,Albert Brooks
1604,Anna Kendrick
1605,Andrew Lincoln
1606,Bill Pullman
1607,Bill Pullman
1608,Billy Bob Thornton
1609,Bella Hadid
1610,Anderson Cooper
1611,Al Roker
1612,Anthony Hopkins
1613,Alan Rickman
1614,Andy Garcia
1615,Alx James
1616,Ashton Kutcher
1617,Benicio Del Toro
1618,Bill Pullman
1619,Antonio Banderas
1620,Alan Arkin
1621,Adam Sandler
1622,Audrey Hepburn
1623,Anjelica Huston
1624,Billy Bob Thornton
1625,Alicia Vikander
1626,Bill Daley
1627,Aaron Paul
1628,Ashley Judd
1629,Bella Hadid
1630,Andy Serkis
1631,Antonio Banderas
1632,Amber Heard
1633,Andrew Lincoln
1634,Alice Eve
1635,Ashton Kutcher
1636,Art Carney
1637,Anderson Cooper
1638,Alexander Skarsgard
1639,Alan Rickman
1640,Anderson Cooper
1641,Bill Rancic
1642,Anna Friel
1643,Berenice Bejo
1644,Anderson Cooper
1645,Albert Finney
1646,Adam Sandler
1647,Angela Bassett
1648,Bill O Reilly
1649,Ashley Graham
1650,Ashton Kutcher
1651,Antonio Banderas
1652,Andy Garcia
1653,Akemi Darenogare
1654,Adriana Barraza
1655,Ben Stiller
1656,Anthony Mackie
1657,Benedict Cumberbatch
1658,Benjamin Bratt
1659,Antonio Banderas
1660,Andrew Lincoln
1661,Andrew Garfield
1662,Amy Adams
1663,Bella Hadid
1664,Andrew Lincoln
1665,Adrianne Palicki
1666,Bill Daley
1667,Al Roker
1668,Amanda Peet
1669,Annette Bening
1670,Benjamin Bratt
1671,Beyonce Knowles
1672,Armin Mueller-Stahl
1673,Andrew Lincoln
1674,Berenice Bejo
1675,Audrey Tautou
1676,Andrew Lincoln
1677,Anna Kendrick
1678,Anne Bancroft
1679,Anna Kendrick
1680,Ben Stiller
1681,Betty White
1682,Akemi Darenogare
1683,Andrew Garfield
1684,Anna Friel
1685,Bill O Reilly
1686,Beyonce Knowles
1687,Anna Friel
1688,Aaron Taylor-Johnson
1689,Ben Stiller
1690,Albert Finney
1691,bella thorne
1692,Anthony Mackie
1693,Anna Friel
1694,Angela Bassett
1695,Andy Murray
1696,Anthony Hopkins
1697,Alan Arkin
1698,Ben Affleck
1699,Analeigh Tipton
1700,Alan Rickman
1701,Antonio Banderas
1702,Amy Schumer
1703,Andrew Garfield
1704,Amber Heard
1705,Bill Murray
1706,Audrey Tautou
1707,Anthony Mackie
1708,Aaron Taylor-Johnson
1709,Ashley Judd
1710,Amber Heard
1711,Anna Paquin
1712,Bill O Reilly
1713,Barabara Palvin
1714,Bill O Reilly
1715,Abigail Breslin
1716,Andrew Lincoln
1717,Anderson Cooper
1718,Alessandra Ambrosio
1719,Adriana Lima
1720,Bill Paxton
1721,Amanda Bynes
1722,Audrey Tautou
1723,Alan Arkin
1724,Alx James
1725,Andrew Lincoln
1726,Bella Hadid
1727,Alex Pettyfer
1728,Amber Heard
1729,Bill Pullman
1730,Abigail Breslin
1731,Adam Sandler
1732,Barry Pepper
1733,Antonio Banderas
1734,Barbra Streisand
1735,Audrey Tautou
1736,Anna Friel
1737,Angela Bassett
1738,Amy Ryan
1739,Adrianne Palicki
1740,Alan Arkin
1741,Aaron Judge
1742,Amy Ryan
1743,Aaron Taylor-Johnson
1744,Amanda Bynes
1745,Aaron Paul
1746,Ashley Judd
1747,Barbra Streisand
1748,Alan Arkin
1749,Audrey Tautou
1750,Ashton Kutcher
1751,Audrey Hepburn
1752,Analeigh Tipton
1753,Amber Heard
1754,Bill Daley
1755,Anna Sui
1756,Aaron Paul
1757,Art Carney
1758,Ashton Kutcher
1759,Bill O Reilly
1760,Betty White
1761,Albert Finney
1762,AnnaSophia Robb
1763,Andrew Garfield
1764,Ashton Kutcher
1765,Anna Kendrick
1766,Anthony Mackie
1767,Al Pacino
1768,bella thorne
1769,Bill Paxton
1770,Aaron Paul
1771,Anne Hathaway
1772,Alx James
1773,Alan Alda
1774,Abigail Breslin
1775,Billy Bob Thornton
1776,Aaron Taylor-Johnson
1777,Al Pacino
1778,Alexis Thorpe
1779,Annette Bening
1780,Anderson Cooper
1781,Billy Bob Thornton
1782,Alx James
1783,Anne Bancroft
1784,bella thorne
1785,Analeigh Tipton
1786,Anna Paquin
1787,Ben Foster
1788,Ali Larter
1789,Benedict Cumberbatch
1790,Ashton Kutcher
1791,Alan Alda
1792,Bill Rancic
1793,Bernie Mac
1794,Bernie Mac
1795,Angelina Jolie
1796,Albert Finney
1797,Alex Pettyfer
1798,Amanda Peet
1799,Anna Sui
1800,Bill Paxton
1801,Anna Faris
1802,Alicia Vikander
1803,Benjamin Bratt
1804,Alex Pettyfer
1805,Alessandra Ambrosio
1806,Andrew Garfield
1807,Benjamin Bratt
1808,Armin Mueller-Stahl
1809,Barry Pepper
1810,Art Carney
1811,Amy Adams
1812,Amanda Peet
1813,Audrey Tautou
1814,Anne Bancroft
1815,Beyonce Knowles
1816,Ashton Kutcher
1817,Albert Brooks
1818,Billy Bob Thornton
1819,Audrey Hepburn
1820,Aaron Paul
1821,Billy Bob Thornton
1822,Al Pacino
1823,Ashton Kutcher
1824,Betty White
1825,Art Carney
1826,Andy Serkis
1827,Alexander Skarsgard
1828,Andy Serkis
1829,Anthony Hopkins
1830,Betty White
1831,Ava Gardner
1832,Bella Hadid
1833,Alan Alda
1834,Andy Murray
1835,Ben Kingsley
1836,Anderson Cooper
1837,Ben Foster
1838,Andy Samberg
1839,Akemi Darenogare
1840,Angela Bassett
1841,Andrew Luck
1842,Billy Bob Thornton
1843,Amy Schumer
1844,Ashley Judd
1845,Bill O Reilly
1846,Andie MacDowell
1847,Billy Bob Thornton
1848,Audrey Hepburn
1849,Alexander Skarsgard
1850,Audrey Tautou
1851,Al Pacino
1852,Bill Paxton
1853,Andy Garcia
1854,Bill Paxton
1855,Adriana Lima
1856,Al Roker
1857,Adriana Lima
1858,Adrianne Palicki
1859,Armin Mueller-Stahl
1860,Albert Brooks
1861,Betty White
1862,Aaron Paul
1863,Alessandra Ambrosio
1864,Anthony Hopkins
1865,Alan Alda
1866,Alan Arkin
1867,Art Carney
1868,Anthony Mackie
1869,Bernie Mac
1870,Billy Bob Thornton
1871,Alex Pettyfer
1872,Aaron Paul
1873,Ashton Kutcher
1874,Anne Hathaway
1875,Alexander Skarsgard
1876,Audrey Tautou
1877,Barry Pepper
1878,Alessandra Ambrosio
1879,Alx James
1880,Alan Arkin
1881,Ashton Kutcher
1882,Audrey Hepburn
1883,Andy Murray
1884,Bill O Reilly
1885,Andrew Luck
1886,Barabara Palvin
1887,Alx James
1888,Ashley Greene
1889,Anna Sui
1890,Bella Hadid
1891,Andie MacDowell
1892,Anthony Mackie
1893,Anthony Mackie
1894,Ben Affleck
1895,Audrey Tautou
1896,Billy Bob Thornton
1897,Andy Murray
1898,Amy Ryan
1899,Alexandra Daddario
1900,Alex Pettyfer
1901,Audrey Hepburn
1902,Bill Hader
1903,Amanda Seyfried
1904,Amy Adams
1905,Ashton Kutcher
1906,Amanda Crew
1907,Bella Hadid
1908,Amy Schumer
1909,Amy Ryan
1910,Art Carney
1911,Analeigh Tipton
1912,Benedict Cumberbatch
1913,Alan Rickman
1914,Bill Daley
1915,Anne Hathaway
1916,Arnold Schwarzenegger
1917,Amber Heard
1918,Bill Murray
1919,Andy Samberg
1920,Anna Kendrick
1921,Amy Schumer
1922,Alexis Thorpe
1923,AnnaSophia Robb
1924,Alan Rickman
1925,Bill O Reilly
1926,Ben Affleck
1927,Anna Paquin
1928,Aaron Paul
1929,Alx James
1930,Anna Friel
1931,Alan Alda
1932,bella thorne
1933,Aaron Judge
1934,Betty White
1935,Anna Kendrick
1936,Audrey Hepburn
1937,Alicia Vikander
1938,Anthony Mackie
1939,Anna Paquin
1940,Anna Friel
1941,Armin Mueller-Stahl
1942,Adriana Lima
1943,Alice Eve
1944,Beyonce Knowles
1945,Amber Heard
1946,Andrew Lincoln
1947,Anthony Mackie
1948,Bill Pullman
1949,Andie MacDowell
1950,Bill O Reilly
1951,Alan Alda
1952,Anna Sui
1953,Adam Sandler
1954,Adrianne Palicki
1955,Andrew Garfield
1956,Alan Rickman
1957,Anna Kendrick
1958,Betty White
1959,Abigail Breslin
1960,Aaron Taylor-Johnson
1961,Beyonce Knowles
1962,Audrey Hepburn
1963,Alicia Vikander
1964,Anna Kendrick
1965,Albert Finney
1966,Ali Larter
1967,Anthony Hopkins
1968,Bette Midler
1969,Audrey Tautou
1970,Anjelica Huston
1971,Barabara Palvin
1972,Angelina Jolie
1973,Alan Alda
1974,Ashton Kutcher
1975,Alec Baldwin
1976,Ashton Kutcher
1977,Bette Midler
1978,Ashton Kutcher
1979,Benedict Cumberbatch
1980,Angela Bassett
1981,Anjelica Huston
1982,Alex Pettyfer
1983,Anna Friel
1984,Bill Murray
1985,Betty White
1986,Ashton Kutcher
1987,Amy Adams
1988,Ashton Kutcher
1989,Ali Larter
1990,Amanda Peet
1991,Anthony Perkins
1992,Art Carney
1993,Armin Mueller-Stahl
1994,Albert Finney
1995,Ali Larter
1996,Andreea Diaconu
1997,Anna Paquin
1998,Alicia Vikander
1999,Benedict Cumberbatch
2000,Andreea Diaconu
2001,Benjamin Bratt
2002,Adriana Lima
2003,Ali Larter
2004,Bill Daley
2005,Ben Kingsley
2006,Alx James
2007,Benjamin Bratt
2008,Alx James
2009,Beyonce Knowles
2010,Art Carney
2011,Anna Friel
2012,Andy Murray
2013,Amber Heard
2014,Akemi Darenogare
2015,Alan Alda
2016,Audrey Hepburn
2017,Albert Brooks
2018,Alicia Vikander
2019,Angela Bassett
2020,Anthony Mackie
2021,Bill Murray
2022,Bette Midler
2023,Al Pacino
2024,Anne Bancroft
2025,Angela Bassett
2026,Anna Friel
2027,Anthony Perkins
2028,Anjelica Huston
2029,Beyonce Knowles
2030,Amanda Seyfried
2031,Amy Adams
2032,Adrianne Palicki
2033,Amy Adams
2034,Albert Brooks
2035,Bill Pullman
2036,Ben Stiller
2037,Audrey Tautou
2038,Betty White
2039,Billy Bob Thornton
2040,Betty White
2041,Adrianne Palicki
2042,Barbra Streisand
2043,Andy Serkis
2044,Anjelica Huston
2045,Amanda Peet
2046,Alexandra Daddario
2047,Audrey Tautou
2048,Adrien Brody
2049,Alec Baldwin
2050,Armin Mueller-Stahl
2051,Barabara Palvin
2052,Bella Hadid
2053,Ashley Graham
2054,Anne Baxter
2055,Anthony Hopkins
2056,AnnaSophia Robb
2057,Andrew Luck
2058,Bill Pullman
2059,Alexis Thorpe
2060,Akemi Darenogare
2061,Amanda Crew
2062,Art Carney
2063,Analeigh Tipton
2064,Amy Ryan
2065,Ashton Kutcher
2066,Beyonce Knowles
2067,bella thorne
2068,Anthony Mackie
2069,Berenice Bejo
2070,Andie MacDowell
2071,Bernie Mac
2072,Andie MacDowell
2073,Alan Alda
2074,Angela Bassett
2075,Bill Daley
2076,Adele
2077,Bill Murray
2078,Anne Baxter
2079,Ben Affleck
2080,Alexis Thorpe
2081,Al Pacino
2082,Angela Bassett
2083,Bill Murray
2084,Ben Foster
2085,Andy Garcia
2086,Bill O Reilly
2087,Andy Garcia
2088,Alexander Skarsgard
2089,Ben Foster
2090,Anna Paquin
2091,Aaron Judge
2092,Alan Alda
2093,Amber Heard
2094,Bill O Reilly
2095,Bill O Reilly
2096,Angela Bassett
2097,Anna Faris
2098,Antonio Banderas
2099,Anthony Perkins
2100,Angela Bassett
2101,Anne Bancroft
2102,Ashton Kutcher
2103,Andie MacDowell
2104,Ashley Graham
2105,Anna Kendrick
2106,Anthony Mackie
2107,Angela Bassett
2108,Abigail Breslin
2109,Audrey Tautou
2110,Al Roker
2111,Billy Bob Thornton
2112,Alessandra Ambrosio
2113,Audrey Tautou
2114,Anthony Perkins
2115,Ben Johnson
2116,Alx James
2117,Armin Mueller-Stahl
2118,Aaron Taylor-Johnson
2119,Amber Heard
2120,Amanda Seyfried
2121,Arnold Schwarzenegger
2122,Benedict Cumberbatch
2123,Andy Murray
2124,Benicio Del Toro
2125,Alessandra Ambrosio
2126,Aaron Judge
2127,Bill Rancic
2128,Anjelica Huston
2129,Arnold Schwarzenegger
2130,Ben Stiller
2131,Amy Ryan
2132,Annette Bening
2133,Andrew Lincoln
2134,Anne Baxter
2135,Albert Finney
2136,Anderson Cooper
2137,Ben Foster
2138,Bill Paxton
2139,Arnold Schwarzenegger
2140,Aaron Paul
2141,Bill Daley
2142,Andy Garcia
2143,bella thorne
2144,Aaron Paul
2145,Aaron Paul
2146,Abigail Breslin
2147,Aaron Judge
2148,Bernie Mac
2149,Barbra Streisand
2150,Alicia Vikander
2151,Aaron Paul
2152,Adrien Brody
2153,Andy Serkis
2154,Adrianne Palicki
2155,Ashley Greene
2156,Barbra Streisand
2157,Adriana Lima
2158,Bella Hadid
2159,Bill Murray
2160,Alec Baldwin
2161,Amy Schumer
2162,Al Pacino
2163,Bill Daley
2164,Alan Alda
2165,Adrianne Palicki
2166,Audrey Hepburn
2167,Analeigh Tipton
2168,Bill Hader
2169,Arnold Schwarzenegger
2170,Andy Murray
2171,Anjelica Huston
2172,Amy Schumer
2173,Albert Brooks
2174,Alice Eve
2175,Beyonce Knowles
2176,Analeigh Tipton
2177,Ashley Judd
2178,Bill Rancic
2179,Ben Stiller
2180,Anthony Mackie
2181,Alexandra Daddario
2182,Arnold Schwarzenegger
2183,Barry Pepper
2184,Audrey Hepburn
2185,Ben Foster
2186,Alice Eve
2187,Audrey Hepburn
2188,Adele
2189,Anthony Hopkins
2190,Ashley Graham
2191,Amanda Peet
2192,Antonio Banderas
2193,Bill Paxton
2194,Alessandra Ambrosio
2195,Adrianne Palicki
2196,Albert Finney
2197,Albert Finney
2198,Annette Bening
2199,Ava Gardner
2200,Amy Ryan
2201,Angelina Jolie
2202,Ali Larter
2203,Angela Bassett
2204,Angelina Jolie
2205,Adrianne Palicki
2206,Antonio Banderas
2207,Anne Hathaway
2208,Bernie Mac
2209,Ashley Graham
2210,Bill O Reilly
2211,Armin Mueller-Stahl
2212,Anna Sui
2213,AnnaSophia Robb
2214,Ashton Kutcher
2215,bella thorne
2216,Anna Paquin
2217,Bernie Mac
2218,Bill Paxton
2219,Ashley Graham
2220,Anne Baxter
2221,Andrew Lincoln
2222,Bette Midler
2223,Adriana Barraza
2224,Ashton Kutcher
2225,Alx James
2226,Andrew Luck
2227,Benedict Cumberbatch
2228,Andrew Lincoln
2229,Ashton Kutcher
2230,Andrew Garfield
2231,Al Pacino
2232,Barry Pepper
2233,Alessandra Ambrosio
2234,Albert Finney
2235,Audrey Tautou
2236,Ava Gardner
2237,Barry Pepper
2238,Audrey Hepburn
2239,Alan Arkin
2240,Anna Friel
2241,Anna Faris
2242,Billy Bob Thornton
2243,Annette Bening
2244,Ben Kingsley
2245,Ben Kingsley
2246,Amy Schumer
2247,Alex Pettyfer
2248,Benicio Del Toro
2249,Andrew Luck
2250,Bill Rancic
2251,Al Roker
2252,Anne Hathaway
2253,Benicio Del Toro
2254,Albert Finney
2255,Bill Rancic
2256,Andreea Diaconu
2257,Aaron Taylor-Johnson
2258,Anthony Mackie
2259,Andy Serkis
2260,Analeigh Tipton
2261,Barry Pepper
2262,Alexis Thorpe
2263,Bill Hader
2264,Alan Alda
2265,Alexis Thorpe
2266,Amber Heard
2267,Anna Faris
2268,Arnold Schwarzenegger
2269,Annette Bening
2270,Al Pacino
2271,Analeigh Tipton
2272,Bernie Mac
2273,Alan Rickman
2274,Beyonce Knowles
2275,Alexandra Daddario
2276,Alexis Thorpe
2277,Adele
2278,Ashley Graham
2279,Albert Finney
2280,Armin Mueller-Stahl
2281,Bill Hader
2282,Adam Sandler
2283,Amanda Peet
2284,Bill Daley
2285,Anthony Hopkins
2286,Ava Gardner
2287,Antonio Banderas
2288,Anna Sui
2289,Bill Rancic
2290,Anthony Mackie
2291,Amanda Bynes
2292,Anna Friel
2293,Ashley Greene
2294,Andreea Diaconu
2295,Betty White
2296,Aaron Taylor-Johnson
2297,Amanda Seyfried
2298,Anthony Mackie
2299,Abigail Breslin
2300,Art Carney
2301,Alan Rickman
2302,Aaron Paul
2303,Anna Sui
2304,Ben Kingsley
2305,Anna Sui
2306,Ashley Greene
2307,Arnold Schwarzenegger
2308,Alice Eve
2309,Al Roker
2310,Adele
2311,Adriana Lima
2312,Ashton Kutcher
2313,Annette Bening
2314,Alexis Thorpe
2315,Audrey Hepburn
2316,Ali Larter
2317,Abigail Breslin
2318,Annette Bening
2319,Anna Faris
2320,Alx James
2321,Ali Larter
2322,Al Pacino
2323,Bill Pullman
2324,Alexis Thorpe
2325,bella thorne
2326,Abigail Breslin
2327,Barry Pepper
2328,Andy Serkis
2329,Adele
2330,Betty White
2331,Bernie Mac
2332,Alexandra Daddario
2333,Anna Faris
2334,Andrew Luck
2335,Angela Bassett
2336,Abigail Breslin
2337,Anne Hathaway
2338,Beyonce Knowles
2339,Alx James
2340,Alicia Vikander
2341,Barry Pepper
2342,Amanda Seyfried
2343,Alan Rickman
2344,Alexander Skarsgard
2345,Andy Murray
2346,Antonio Banderas
2347,Ashton Kutcher
2348,Annette Bening
2349,Ava Gardner
2350,Ashley Judd
2351,Alessandra Ambrosio
2352,Adam Sandler
2353,Alan Arkin
2354,Benjamin Bratt
2355,Bill Pullman
2356,Alexis Thorpe
2357,Ashley Greene
2358,Ashley Greene
2359,Alicia Vikander
2360,Ashley Judd
2361,Barabara Palvin
2362,Amanda Peet
2363,Ashton Kutcher
2364,Andrew Garfield
2365,Andy Garcia
2366,Benedict Cumberbatch
2367,Anthony Perkins
2368,Andy Serkis
2369,Audrey Hepburn
2370,Amanda Bynes
2371,Benedict Cumberbatch
2372,Audrey Tautou
2373,Amanda Seyfried
2374,Audrey Hepburn
2375,Anderson Cooper
2376,Al Pacino
2377,Anna Sui
2378,Bill Paxton
2379,Analeigh Tipton
2380,Amanda Seyfried
2381,Ashton Kutcher
2382,Adrianne Palicki
2383,Aaron Taylor-Johnson
2384,Andrew Luck
2385,Ashley Greene
2386,Annette Bening
2387,Anthony Hopkins
2388,Amy Adams
2389,Andrew Luck
2390,Betty White
2391,Analeigh Tipton
2392,Abigail Breslin
2393,Andreea Diaconu
2394,Amanda Bynes
2395,Andrew Lincoln
2396,Amanda Peet
2397,Ashley Greene
2398,Alan Rickman
2399,Alan Arkin
2400,Alex Pettyfer
2401,Bernie Mac
2402,Andy Samberg
2403,Anne Baxter
2404,Bill O Reilly
2405,Bill O Reilly
2406,Anjelica Huston
2407,Alex Pettyfer
2408,Alan Rickman
2409,Beyonce Knowles
2410,AnnaSophia Robb
2411,Bill Daley
2412,Ashley Judd
2413,Ava Gardner
2414,Anna Friel
2415,Amanda Bynes
2416,Betty White
2417,Abigail Breslin
2418,Albert Finney
2419,Al Roker
2420,Amy Schumer
2421,Audrey Hepburn
2422,Anne Bancroft
2423,Ashley Greene
2424,Anne Hathaway
2425,Bernie Mac
2426,Aaron Judge
2427,Bill Rancic
2428,Ben Kingsley
2429,Annette Bening
2430,Arnold Schwarzenegger
2431,Adele
2432,Benjamin Bratt
2433,Bill Daley
2434,Amber Heard
2435,Betty White
2436,Alice Eve
2437,Andy Murray
2438,Ashton Kutcher
2439,Billy Bob Thornton
2440,Abigail Breslin
2441,Andreea Diaconu
2442,AnnaSophia Robb
2443,Abigail Breslin
2444,Anthony Perkins
2445,Beyonce Knowles
2446,Alexander Skarsgard
2447,Barabara Palvin
2448,Andrew Luck
2449,Art Carney
2450,Ben Affleck
2451,Ashton Kutcher
2452,Amanda Seyfried
2453,Angela Bassett
2454,Benedict Cumberbatch
2455,Amanda Bynes
2456,Ashton Kutcher
2457,Al Pacino
2458,Alex Pettyfer
2459,Alex Pettyfer
2460,Ben Johnson
2461,Albert Finney
2462,Anna Faris
2463,Audrey Hepburn
2464,Anna Friel
2465,Ava Gardner
2466,Adriana Lima
2467,Anthony Hopkins
2468,Bill Murray
2469,Ashton Kutcher
2470,Aaron Paul
2471,Alan Arkin
2472,Andrew Lincoln
2473,Andy Murray
2474,Amy Schumer
2475,Alessandra Ambrosio
2476,Angelina Jolie
2477,Abigail Breslin
2478,Barabara Palvin
2479,Alan Alda
2480,Bill Pullman
2481,Antonio Banderas
2482,Benicio Del Toro
2483,Anjelica Huston
2484,Alan Arkin
2485,Andy Serkis
2486,Benedict Cumberbatch
2487,Adriana Lima
2488,Benjamin Bratt
2489,Adriana Lima
2490,Alexander Skarsgard
2491,Ashley Graham
2492,Arnold Schwarzenegger
2493,Andy Samberg
2494,Andrew Luck
2495,Barabara Palvin
2496,Andy Murray
2497,Anne Baxter
2498,Anne Baxter
2499,Barry Pepper
2500,Albert Finney
2501,Ali Larter
2502,Anthony Hopkins
2503,Anna Paquin
2504,Angelina Jolie
2505,Aaron Taylor-Johnson
2506,Alex Pettyfer
2507,Barabara Palvin
2508,Bernie Mac
2509,Anna Sui
2510,Anna Friel
2511,Alexandra Daddario
2512,Ashley Judd
2513,Ashton Kutcher
2514,Anderson Cooper
2515,Ashley Greene
2516,Anthony Mackie
2517,Andy Serkis
2518,Andy Samberg
2519,Bette Midler
2520,Amy Schumer
2521,Analeigh Tipton
2522,Barabara Palvin
2523,Angelina Jolie
2524,Alx James
2525,Bill Hader
2526,Andy Samberg
2527,Barry Pepper
2528,Aaron Judge
2529,Ashton Kutcher
2530,bella thorne
2531,AnnaSophia Robb
2532,Anne Baxter
2533,Adriana Lima
2534,Albert Finney
2535,Benicio Del Toro
2536,Benicio Del Toro
2537,Ashton Kutcher
2538,Ben Affleck
2539,Bill O Reilly
2540,Barabara Palvin
2541,Andie MacDowell
2542,Amy Adams
2543,Anna Sui
2544,Barbra Streisand
2545,Barry Pepper
2546,Abigail Breslin
2547,Abigail Breslin
2548,Berenice Bejo
2549,Analeigh Tipton
2550,Anna Faris
2551,Benedict Cumberbatch
2552,Alan Rickman
2553,Barabara Palvin
2554,Audrey Hepburn
2555,Alex Pettyfer
2556,Audrey Hepburn
2557,Anna Friel
2558,Albert Finney
2559,Amanda Bynes
2560,Anthony Hopkins
2561,Ashley Greene
2562,Benicio Del Toro
2563,bella thorne
2564,Ashley Graham
2565,Ben Kingsley
2566,Bella Hadid
2567,Barbra Streisand
2568,Betty White
2569,Billy Bob Thornton
2570,Bill O Reilly
2571,Angelina Jolie
2572,Ben Johnson
2573,Ashley Graham
2574,Anna Paquin
2575,Amanda Peet
2576,Alan Alda
2577,Armin Mueller-Stahl
2578,Andreea Diaconu
2579,Alexander Skarsgard
2580,Amber Heard
2581,Benjamin Bratt
2582,Ashton Kutcher
2583,Audrey Hepburn
2584,Barbra Streisand
2585,Bill Murray
2586,Anthony Perkins
2587,Art Carney
2588,Alan Rickman
2589,Audrey Tautou
2590,Abigail Breslin
2591,Albert Finney
2592,Barry Pepper
2593,Barbra Streisand
2594,Anthony Mackie
2595,Adrianne Palicki
2596,Bill Daley
2597,Anna Paquin
2598,Anne Hathaway
2599,Adrianne Palicki
2600,Amanda Seyfried
2601,Aaron Paul
2602,Anne Hathaway
2603,Anne Baxter
2604,Amanda Seyfried
2605,Bill O Reilly
2606,Bernie Mac
2607,Alex Pettyfer
2608,Barry Pepper
2609,Alan Alda
2610,Alec Baldwin
2611,Berenice Bejo
2612,Alex Pettyfer
2613,Bill Paxton
2614,Anna Friel
2615,Adriana Lima
2616,Al Roker
2617,Anna Paquin
2618,Ben Stiller
2619,Alice Eve
2620,Audrey Hepburn
2621,Andy Garcia
2622,Amanda Bynes
2623,Andrew Garfield
2624,Ava Gardner
2625,Analeigh Tipton
2626,Alex Pettyfer
2627,Albert Finney
2628,Alec Baldwin
2629,Alx James
2630,Andrew Luck
2631,Ashton Kutcher
2632,Adriana Lima
2633,Ben Affleck
2634,Audrey Tautou
2635,Alan Arkin
2636,Bette Midler
2637,Audrey Hepburn
2638,Adrien Brody
2639,Andie MacDowell
2640,Anna Kendrick
2641,Betty White
2642,Andy Samberg
2643,Andie MacDowell
2644,Audrey Tautou
2645,Anjelica Huston
2646,Akemi Darenogare
2647,Alan Rickman
2648,Ben Kingsley
2649,Anna Friel
2650,Andie MacDowell
2651,Anthony Perkins
2652,Barry Pepper
2653,Aaron Taylor-Johnson
2654,Anna Kendrick
2655,Angela Bassett
2656,Andy Serkis
2657,Ali Larter
2658,Barbra Streisand
2659,Anna Faris
2660,Anna Friel
2661,Andy Garcia
2662,Alx James
2663,Alessandra Ambrosio
2664,Amy Adams
2665,Ashley Greene
2666,Beyonce Knowles
2667,Barry Pepper
2668,Amanda Crew
2669,Anna Sui
2670,Anna Faris
2671,Anna Paquin
2672,Aaron Judge
2673,Alan Arkin
2674,Analeigh Tipton
2675,Bill Hader
2676,Alan Rickman
2677,Alessandra Ambrosio
2678,Bill Pullman
2679,Ashton Kutcher
2680,Berenice Bejo
2681,Berenice Bejo
2682,Ashley Graham
2683,Ashley Graham
2684,Albert Brooks
2685,Anne Bancroft
2686,Anne Bancroft
2687,Alexis Thorpe
2688,Bill O Reilly
2689,Al Roker
2690,Bill Pullman
2691,Annette Bening
2692,Anthony Mackie
2693,Amy Schumer
2694,Andrew Lincoln
2695,Berenice Bejo
2696,Ashley Graham
2697,Ben Foster
2698,Betty White
2699,Barabara Palvin
2700,Andrew Garfield
2701,Aaron Paul
2702,Alex Pettyfer
2703,Anthony Hopkins
2704,Anthony Mackie
2705,Alicia Vikander
2706,Amanda Peet
2707,Barbra Streisand
2708,Ben Affleck
2709,Bill Paxton
2710,Ashley Graham
2711,Alx James
2712,Ava Gardner
2713,Anthony Mackie
2714,Amanda Seyfried
2715,Adrianne Palicki
2716,Adrianne Palicki
2717,Antonio Banderas
2718,Andreea Diaconu
2719,Barbra Streisand
2720,Abigail Breslin
2721,Ben Johnson
2722,Bette Midler
2723,Anna Faris
2724,Ben Stiller
2725,Aaron Judge
2726,Amy Ryan
2727,Barry Pepper
2728,Andrew Lincoln
2729,Benedict Cumberbatch
2730,Amy Adams
2731,Alan Rickman
2732,Abigail Breslin
2733,Anna Sui
2734,Bella Hadid
2735,Ben Johnson
2736,Bill Pullman
2737,Barbra Streisand
2738,Amanda Peet
2739,Alan Alda
2740,Amber Heard
2741,Bill Daley
2742,Benjamin Bratt
2743,Amanda Seyfried
2744,Bill Murray
2745,Bill Hader
2746,Anthony Perkins
2747,Audrey Hepburn
2748,Abigail Breslin
2749,Abigail Breslin
2750,Akemi Darenogare
2751,Alec Baldwin
2752,Andy Samberg
2753,Annette Bening
2754,Abigail Breslin
2755,Anthony Hopkins
2756,Adriana Lima
2757,Angelina Jolie
2758,Armin Mueller-Stahl
2759,Aaron Judge
2760,Anthony Perkins
2761,Bill Paxton
2762,Bill Murray
2763,Anna Sui
2764,Anna Friel
2765,Amber Heard
2766,Bernie Mac
2767,Ali Larter
2768,Alexis Thorpe
2769,Anjelica Huston
2770,Annette Bening
2771,Andy Serkis
2772,Andy Serkis
2773,Amy Schumer
2774,Anne Baxter
2775,Ava Gardner
2776,Amy Adams
2777,Andrew Luck
2778,Alex Pettyfer
2779,Aaron Paul
2780,Bill O Reilly
2781,Anthony Mackie
2782,Barry Pepper
2783,Audrey Tautou
2784,Anjelica Huston
2785,Barabara Palvin
2786,Arnold Schwarzenegger
2787,Amy Adams
2788,Audrey Hepburn
2789,Alexis Thorpe
2790,Berenice Bejo
2791,Anna Faris
2792,Bill Daley
2793,AnnaSophia Robb
2794,Benedict Cumberbatch
2795,Ben Johnson
2796,Anna Sui
2797,Anne Hathaway
2798,Adriana Lima
2799,Ben Johnson
2800,Andy Serkis
2801,Abigail Breslin
2802,Amy Ryan
2803,Anne Bancroft
2804,Anna Friel
2805,Ashton Kutcher
2806,Audrey Tautou
2807,Bella Hadid
2808,Audrey Tautou
2809,Beyonce Knowles
2810,Aaron Paul
2811,Ashley Judd
2812,Bill Paxton
2813,Bella Hadid
2814,Al Pacino
2815,Amber Heard
2816,Andy Murray
2817,Ali Larter
2818,Angela Bassett
2819,Adrien Brody
2820,Audrey Tautou
2821,Andrew Lincoln
2822,Andy Serkis
2823,Alan Arkin
2824,Amanda Crew
2825,Anderson Cooper
2826,Alx James
2827,Alec Baldwin
2828,Albert Finney
2829,Aaron Judge
2830,Bill Paxton
2831,Alan Rickman
2832,Anderson Cooper
2833,Anjelica Huston
2834,Anna Paquin
2835,Amanda Seyfried
2836,Audrey Tautou
2837,Alexandra Daddario
2838,Bill O Reilly
2839,Angela Bassett
2840,Bill Murray
2841,Bella Hadid
2842,Anjelica Huston
2843,Andrew Luck
2844,Andy Garcia
2845,Alec Baldwin
2846,Barabara Palvin
2847,Billy Bob Thornton
2848,Anna Kendrick
2849,Alicia Vikander
2850,Ashley Graham
2851,Adriana Lima
2852,Andrew Luck
2853,Ben Stiller
2854,Bill Pullman
2855,Amy Ryan
2856,Albert Finney
2857,Amanda Peet
2858,Berenice Bejo
2859,Andrew Luck
2860,Amanda Bynes
2861,Antonio Banderas
2862,Andreea Diaconu
2863,Amanda Seyfried
2864,Albert Brooks
2865,Aaron Paul
2866,Alexander Skarsgard
2867,Andrew Luck
2868,Benjamin Bratt
2869,Ashton Kutcher
2870,Bill Daley
2871,Anne Bancroft
2872,Anne Hathaway
2873,Berenice Bejo
2874,Art Carney
2875,Billy Bob Thornton
2876,Anderson Cooper
2877,Ben Johnson
2878,AnnaSophia Robb
2879,Betty White
2880,Anna Faris
2881,Andie MacDowell
2882,bella thorne
2883,Barabara Palvin
2884,Beyonce Knowles
2885,Audrey Hepburn
2886,Art Carney
2887,Barry Pepper
2888,Andy Murray
2889,Alx James
2890,Akemi Darenogare
2891,Alessandra Ambrosio
2892,Ava Gardner
2893,Bette Midler
2894,Amy Schumer
2895,Berenice Bejo
2896,Bella Hadid
2897,Adriana Lima
2898,Adrien Brody
2899,Anjelica Huston
2900,Anna Faris
2901,Benjamin Bratt
2902,Billy Bob Thornton
2903,Benjamin Bratt
2904,Benedict Cumberbatch
2905,Bill Daley
2906,Arnold Schwarzenegger
2907,Benedict Cumberbatch
2908,Ashley Judd
2909,Aaron Judge
2910,Anne Baxter
2911,Anne Bancroft
2912,Amanda Seyfried
2913,Barry Pepper
2914,Audrey Hepburn
2915,Adrianne Palicki
2916,Ashley Judd
2917,Anna Faris
2918,Ava Gardner
2919,Andrew Lincoln
2920,Adele
2921,Alexander Skarsgard
2922,Barabara Palvin
2923,Andy Garcia
2924,Alan Alda
2925,Alice Eve
2926,Armin Mueller-Stahl
2927,Aaron Paul
2928,Amy Adams
2929,Audrey Hepburn
2930,Amy Ryan
2931,Angela Bassett
2932,Ashley Greene
2933,Ali Larter
2934,Annette Bening
2935,Analeigh Tipton
2936,Anthony Hopkins
2937,Alan Rickman
2938,Alx James
2939,Anthony Mackie
2940,Amber Heard
2941,Ashton Kutcher
2942,Adam Sandler
2943,Ashley Judd
2944,Antonio Banderas
2945,Alex Pettyfer
2946,Ashton Kutcher
2947,Barry Pepper
2948,Anthony Mackie
2949,Albert Brooks
2950,Annette Bening
2951,Ashley Greene
2952,Amanda Bynes
2953,Alexandra Daddario
2954,Aaron Paul
2955,Barry Pepper
2956,Anna Friel
2957,Anthony Mackie
2958,Abigail Breslin
2959,Ashton Kutcher
2960,Ben Stiller
2961,bella thorne
2962,Ben Stiller
2963,Alexandra Daddario
2964,Anthony Mackie
2965,Andie MacDowell
2966,Adriana Lima
2967,Bill Daley
2968,Amanda Seyfried
2969,Anne Bancroft
2970,Anna Paquin
2971,Barbra Streisand
2972,Anthony Perkins
2973,Alan Arkin
2974,Adriana Lima
2975,Benjamin Bratt
2976,Benicio Del Toro
2977,Ashton Kutcher
2978,Alexander Skarsgard
2979,Anna Faris
2980,Amy Adams
2981,Alan Alda
2982,Alan Rickman
2983,Ashley Judd
2984,Andrew Luck
2985,Anna Kendrick
2986,Alan Rickman
2987,Ali Larter
2988,Anna Kendrick
2989,Ashton Kutcher
2990,Alice Eve
2991,Bill Daley
2992,Ashton Kutcher
2993,Anthony Mackie
2994,Aaron Judge
2995,Antonio Banderas
2996,Ben Affleck
2997,Amanda Peet
2998,Andy Serkis
2999,Anthony Hopkins
3000,Anne Baxter
3001,Anthony Mackie
3002,Billy Bob Thornton
3003,Andy Serkis
3004,Alan Rickman
3005,Anne Hathaway
3006,Anne Baxter
3007,Alec Baldwin
3008,bella thorne
3009,Armin Mueller-Stahl
3010,Antonio Banderas
3011,Adriana Lima
3012,Bill Pullman
3013,Anderson Cooper
3014,Bill Paxton
3015,Ashley Judd
3016,Anthony Mackie
3017,Anthony Mackie
3018,Ashton Kutcher
3019,Abigail Breslin
3020,Alexis Thorpe
3021,Angela Bassett
3022,Arnold Schwarzenegger
3023,Ashley Judd
3024,Bill O Reilly
3025,Anne Hathaway
3026,Amanda Bynes
3027,Anthony Mackie
3028,Annette Bening
3029,Art Carney
3030,Arnold Schwarzenegger
3031,Armin Mueller-Stahl
3032,Anjelica Huston
3033,Barbra Streisand
3034,Annette Bening
3035,Audrey Hepburn
3036,Bill Pullman
3037,Andreea Diaconu
3038,Anjelica Huston
3039,Alan Arkin
3040,Bill Pullman
3041,Bella Hadid
3042,Bill Rancic
3043,Amanda Peet
3044,Andrew Garfield
3045,Albert Finney
3046,Alx James
3047,Adriana Lima
3048,Amber Heard
3049,Anjelica Huston
3050,Anna Faris
3051,Barry Pepper
3052,Anderson Cooper
3053,Andie MacDowell
3054,Alex Pettyfer
3055,Bette Midler
3056,Analeigh Tipton
3057,Anne Hathaway
3058,Anthony Mackie
3059,Alan Rickman
3060,Bella Hadid
3061,Andrew Lincoln
3062,Anthony Mackie
3063,Amy Schumer
3064,Audrey Tautou
3065,Benedict Cumberbatch
3066,Ashley Judd
3067,Alan Alda
3068,Andrew Luck
3069,Bill Paxton
3070,Benedict Cumberbatch
3071,Andrew Lincoln
3072,Ashley Judd
3073,Anna Faris
3074,Anne Baxter
3075,Bella Hadid
3076,Anthony Hopkins
3077,Anne Hathaway
3078,Albert Brooks
3079,Anthony Hopkins
3080,Ben Foster
3081,Anna Kendrick
3082,Bill Daley
3083,Bill O Reilly
3084,Amy Schumer
3085,Arnold Schwarzenegger
3086,Benedict Cumberbatch
3087,Anderson Cooper
3088,Andie MacDowell
3089,Andrew Luck
3090,Bette Midler
3091,Anne Bancroft
3092,Andy Murray
3093,Alan Arkin
3094,Bella Hadid
3095,Benjamin Bratt
3096,Benicio Del Toro
3097,Alan Arkin
3098,Ashley Greene
3099,Ashley Judd
3100,Anna Faris
3101,Ben Foster
3102,Amanda Peet
3103,Arnold Schwarzenegger
3104,Anthony Mackie
3105,Alessandra Ambrosio
3106,Audrey Tautou
3107,Bill Pullman
3108,Beyonce Knowles
3109,Beyonce Knowles
3110,Anna Faris
3111,Anne Bancroft
3112,Bill Murray
3113,Billy Bob Thornton
3114,Amanda Bynes
3115,Anna Sui
3116,Anthony Perkins
3117,Anna Faris
3118,Anderson Cooper
3119,Audrey Hepburn
3120,bella thorne
3121,Anne Bancroft
3122,Alessandra Ambrosio
3123,Alex Pettyfer
3124,Adrianne Palicki
3125,Anthony Perkins
3126,Amy Adams
3127,Akemi Darenogare
3128,Benjamin Bratt
3129,Adam Sandler
3130,Audrey Tautou
3131,Adriana Lima
3132,Akemi Darenogare
3133,Adrien Brody
3134,Beyonce Knowles
3135,Aaron Taylor-Johnson
3136,Alx James
3137,Alan Rickman
3138,Ben Foster
3139,Barabara Palvin
3140,Alan Rickman
3141,Ava Gardner
3142,Anthony Hopkins
3143,Alx James
3144,Aaron Taylor-Johnson
3145,Anthony Perkins
3146,Ashton Kutcher
3147,Beyonce Knowles
3148,Anthony Mackie
3149,Angela Bassett
3150,Bella Hadid
3151,Ava Gardner
3152,Anna Sui
3153,Aaron Judge
3154,Andrew Luck
3155,Aaron Paul
3156,Antonio Banderas
3157,Bill O Reilly
3158,Andy Garcia
3159,Akemi Darenogare
3160,Adam Sandler
3161,Andie MacDowell
3162,Aaron Paul
3163,Alx James
3164,Alexander Skarsgard
3165,Anthony Hopkins
3166,Anthony Mackie
3167,Anna Friel
3168,Antonio Banderas
3169,Billy Bob Thornton
3170,Audrey Tautou
3171,Ashley Greene
3172,Amy Ryan
3173,Berenice Bejo
3174,Ava Gardner
3175,Andreea Diaconu
3176,Ali Larter
3177,Adrianne Palicki
3178,Anne Bancroft
3179,Ben Johnson
3180,Anna Sui
3181,Akemi Darenogare
3182,Albert Finney
3183,Barry Pepper
3184,Adriana Lima
3185,Andie MacDowell
3186,Ben Affleck
3187,Alexander Skarsgard
3188,Barbra Streisand
3189,Bill Pullman
3190,Armin Mueller-Stahl
3191,Benicio Del Toro
3192,Beyonce Knowles
3193,Alan Arkin
3194,Berenice Bejo
3195,Barry Pepper
3196,Adriana Barraza
3197,Bill Hader
3198,Anthony Mackie
3199,Ashley Graham
3200,Albert Finney
3201,bella thorne
3202,AnnaSophia Robb
3203,Adriana Lima
3204,Andreea Diaconu
3205,Benedict Cumberbatch
3206,Amy Adams
3207,Anna Sui
3208,Ben Affleck
3209,Benjamin Bratt
3210,Alec Baldwin
3211,Alan Alda
3212,Andreea Diaconu
3213,Bill Paxton
3214,Berenice Bejo
3215,Bella Hadid
3216,Antonio Banderas
3217,Albert Brooks
3218,Anthony Mackie
3219,Anna Sui
3220,Ashton Kutcher
3221,Ashley Greene
3222,Bill Hader
3223,Andrew Lincoln
3224,Alan Rickman
3225,Andy Murray
3226,Ashley Judd
3227,Alec Baldwin
3228,Anna Kendrick
3229,Benicio Del Toro
3230,Barbra Streisand
3231,Albert Finney
3232,Bella Hadid
3233,Bill Pullman
3234,Billy Bob Thornton
3235,Art Carney
3236,Betty White
3237,Audrey Hepburn
3238,Barry Pepper
3239,Betty White
3240,Adrien Brody
3241,Alice Eve
3242,Anna Sui
3243,Bill Murray
3244,Benedict Cumberbatch
3245,Anderson Cooper
3246,Andy Garcia
3247,Anthony Hopkins
3248,Audrey Tautou
3249,Akemi Darenogare
3250,Alice Eve
3251,Anthony Hopkins
3252,Andrew Garfield
3253,Ali Larter
3254,Anderson Cooper
3255,Anne Hathaway
3256,Alexandra Daddario
3257,Adriana Lima
3258,Anna Friel
3259,Adriana Barraza
3260,Ben Stiller
3261,Alex Pettyfer
3262,Alec Baldwin
3263,Andy Garcia
3264,Akemi Darenogare
3265,Andrew Lincoln
3266,Amanda Bynes
3267,Andy Garcia
3268,Aaron Taylor-Johnson
3269,Andrew Lincoln
3270,Ben Johnson
3271,Anna Faris
3272,Anthony Mackie
3273,Anne Hathaway
3274,Bill O Reilly
3275,Al Pacino
3276,Amanda Peet
3277,Amy Ryan
3278,Anjelica Huston
3279,Anthony Mackie
3280,Beyonce Knowles
3281,Ashton Kutcher
3282,Amy Schumer
3283,Al Pacino
3284,Ava Gardner
3285,Anthony Hopkins
3286,Annette Bening
3287,Al Pacino
3288,Betty White
3289,Al Roker
3290,Alexandra Daddario
3291,Angelina Jolie
3292,Anna Sui
3293,Ashley Greene
3294,Audrey Hepburn
3295,Art Carney
3296,Anne Hathaway
3297,Ashley Greene
3298,Aaron Paul
3299,Betty White
3300,Anthony Perkins
3301,Anna Kendrick
3302,Anthony Mackie
3303,Andrew Luck
3304,Adele
3305,Andrew Lincoln
3306,Amanda Seyfried
3307,Adriana Barraza
3308,Benicio Del Toro
3309,Al Roker
3310,Anna Faris
3311,Anna Kendrick
3312,Adriana Lima
3313,Albert Finney
3314,Alexis Thorpe
3315,Aaron Judge
3316,Ashley Judd
3317,Amber Heard
3318,Barry Pepper
3319,Bill Murray
3320,Bill Daley
3321,Analeigh Tipton
3322,Anjelica Huston
3323,Ali Larter
3324,Amanda Bynes
3325,Bill Pullman
3326,Audrey Hepburn
3327,Ali Larter
3328,bella thorne
3329,Anne Baxter
3330,Bill O Reilly
3331,Albert Finney
3332,Audrey Hepburn
3333,Bernie Mac
3334,Andie MacDowell
3335,Alan Arkin
3336,Amanda Seyfried
3337,Annette Bening
3338,Bill Daley
3339,Bill O Reilly
3340,Aaron Paul
3341,Beyonce Knowles
3342,Bill Rancic
3343,Adrien Brody
3344,Beyonce Knowles
3345,Alessandra Ambrosio
3346,Bette Midler
3347,Alan Arkin
3348,Anderson Cooper
3349,Anne Hathaway
3350,Anna Sui
3351,Audrey Hepburn
3352,Anna Sui
3353,Andy Garcia
3354,Amanda Seyfried
3355,Antonio Banderas
3356,Alexandra Daddario
3357,Bill Daley
3358,Ava Gardner
3359,Anna Sui
3360,Anna Faris
3361,Art Carney
3362,Alexandra Daddario
3363,Anthony Hopkins
3364,Alice Eve
3365,Andy Garcia
3366,Andy Murray
3367,Angelina Jolie
3368,Adriana Barraza
3369,Andy Serkis
3370,Benjamin Bratt
3371,Aaron Paul
3372,Ben Johnson
3373,Amy Ryan
3374,Aaron Judge
3375,Benicio Del Toro
3376,Billy Bob Thornton
3377,Al Roker
3378,Ashton Kutcher
3379,Anthony Hopkins
3380,Billy Bob Thornton
3381,Anne Baxter
3382,Ben Johnson
3383,bella thorne
3384,Ben Foster
3385,Amy Schumer
3386,Andreea Diaconu
3387,Anthony Hopkins
3388,Anna Paquin
3389,Ava Gardner
3390,Ashley Greene
3391,Ashley Greene
3392,Bill Murray
3393,Adriana Barraza
3394,Arnold Schwarzenegger
3395,Bill Paxton
3396,Ashley Greene
3397,Alexis Thorpe
3398,Albert Finney
3399,Bill Paxton
3400,Aaron Judge
3401,Benicio Del Toro
3402,Ali Larter
3403,Bill O Reilly
3404,Audrey Hepburn
3405,Al Pacino
3406,Andreea Diaconu
3407,Al Roker
3408,Benicio Del Toro
3409,Andy Serkis
3410,Anna Faris
3411,Bernie Mac
3412,Anthony Mackie
3413,Ali Larter
3414,Audrey Hepburn
3415,Ben Stiller
3416,Barry Pepper
3417,Berenice Bejo
3418,Beyonce Knowles
3419,Alx James
3420,Alan Alda
3421,Anne Bancroft
3422,Anne Hathaway
3423,Anthony Perkins
3424,Benicio Del Toro
3425,Ben Foster
3426,Anthony Mackie
3427,Beyonce Knowles
3428,Ben Kingsley
3429,Alessandra Ambrosio
3430,AnnaSophia Robb
3431,Ashley Greene
3432,Alx James
3433,Ashley Greene
3434,Alan Arkin
3435,Andy Serkis
3436,Amy Schumer
3437,Andy Garcia
3438,Andreea Diaconu
3439,Alexis Thorpe
3440,Alexandra Daddario
3441,Alice Eve
3442,Bill Pullman
3443,Ben Johnson
3444,Ashton Kutcher
3445,Andy Murray
3446,Anthony Hopkins
3447,Anderson Cooper
3448,Aaron Paul
3449,Ben Stiller
3450,Al Roker
3451,Annette Bening
3452,Audrey Hepburn
3453,Albert Brooks
3454,Bella Hadid
3455,Ashley Judd
3456,Benicio Del Toro
3457,Benjamin Bratt
3458,Ben Affleck
3459,Andy Serkis
3460,Ava Gardner
3461,Alexis Thorpe
3462,Albert Brooks
3463,Adrianne Palicki
3464,Bill Pullman
3465,Ava Gardner
3466,Billy Bob Thornton
3467,Andy Samberg
3468,Adrianne Palicki
3469,Ashley Judd
3470,Benjamin Bratt
3471,Anthony Hopkins
3472,Andie MacDowell
3473,Aaron Paul
3474,AnnaSophia Robb
3475,Billy Bob Thornton
3476,Al Roker
3477,Bette Midler
3478,Bill Murray
3479,Andrew Lincoln
3480,Anna Paquin
3481,Ashton Kutcher
3482,Alexandra Daddario
3483,Adrien Brody
3484,Adam Sandler
3485,Adriana Barraza
3486,Art Carney
3487,Andy Serkis
3488,Bette Midler
3489,Antonio Banderas
3490,Analeigh Tipton
3491,Andreea Diaconu
3492,Alec Baldwin
3493,Alan Arkin
3494,Beyonce Knowles
3495,Adriana Lima
3496,Abigail Breslin
3497,Anna Paquin
3498,Alexis Thorpe
3499,Anjelica Huston
3500,Alan Alda
3501,Alexandra Daddario
3502,Anthony Hopkins
3503,Anthony Perkins
3504,Barabara Palvin
3505,Andy Garcia
3506,Armin Mueller-Stahl
3507,Anjelica Huston
3508,Ashton Kutcher
3509,Anna Friel
3510,Abigail Breslin
3511,Art Carney
3512,Billy Bob Thornton
3513,Anna Faris
3514,Alan Rickman
3515,Al Roker
3516,Adriana Lima
3517,Angela Bassett
3518,Ben Foster
3519,Ben Foster
3520,Alx James
3521,Anne Baxter
3522,Andrew Lincoln
3523,Alexandra Daddario
3524,Bill Murray
3525,Annette Bening
3526,Andy Serkis
3527,Abigail Breslin
3528,Benicio Del Toro
3529,Bella Hadid
3530,Anna Kendrick
3531,Amy Schumer
3532,Ben Foster
3533,Albert Finney
3534,Antonio Banderas
3535,Billy Bob Thornton
3536,Andy Serkis
3537,Amy Schumer
3538,Alice Eve
3539,Adrien Brody
3540,Alexis Thorpe
3541,Arnold Schwarzenegger
3542,Audrey Hepburn
3543,Bill O Reilly
3544,Betty White
3545,Ashley Judd
3546,Alan Alda
3547,Ashton Kutcher
3548,Bill Rancic
3549,Betty White
3550,Bill Murray
3551,Alicia Vikander
3552,Benicio Del Toro
3553,Abigail Breslin
3554,Adriana Lima
3555,Adrianne Palicki
3556,Ashley Graham
3557,Bette Midler
3558,Angela Bassett
3559,Albert Finney
3560,Anna Paquin
3561,Anthony Hopkins
3562,Billy Bob Thornton
3563,Annette Bening
3564,Amy Ryan
3565,Alexandra Daddario
3566,Betty White
3567,Benedict Cumberbatch
3568,Alessandra Ambrosio
3569,Anne Baxter
3570,Aaron Judge
3571,Audrey Tautou
3572,Anjelica Huston
3573,Anne Baxter
3574,Abigail Breslin
3575,Alicia Vikander
3576,Anne Hathaway
3577,Albert Finney
3578,Alan Rickman
3579,Angela Bassett
3580,Beyonce Knowles
3581,Ashley Graham
3582,Abigail Breslin
3583,Bill Paxton
3584,Alice Eve
3585,Andy Serkis
3586,Alan Rickman
3587,Ashley Greene
3588,Andy Murray
3589,Alicia Vikander
3590,Ashton Kutcher
3591,Alicia Vikander
3592,Alan Arkin
3593,Ashton Kutcher
3594,Anthony Mackie
3595,Benicio Del Toro
3596,Andy Garcia
3597,Bill O Reilly
3598,Ashley Greene
3599,Adam Sandler
3600,Alessandra Ambrosio
3601,Alexander Skarsgard
3602,Aaron Judge
3603,Alexandra Daddario
3604,Adrien Brody
3605,Andrew Garfield
3606,Antonio Banderas
3607,Abigail Breslin
3608,Anthony Hopkins
3609,Anjelica Huston
3610,Art Carney
3611,Andie MacDowell
3612,Andrew Garfield
3613,Bill Hader
3614,Bette Midler
3615,Ashley Judd
3616,Beyonce Knowles
3617,Alice Eve
3618,Betty White
3619,Anne Baxter
3620,Ben Foster
3621,Ashley Greene
3622,Alessandra Ambrosio
3623,Betty White
3624,Alx James
3625,Anjelica Huston
3626,Bill Rancic
3627,Bill Rancic
3628,Ben Johnson
3629,Andie MacDowell
3630,Betty White
3631,Adele
3632,Bella Hadid
3633,Adriana Lima
3634,Angelina Jolie
3635,Alec Baldwin
3636,Bernie Mac
3637,Barabara Palvin
3638,Anna Paquin
3639,Bill O Reilly
3640,Anna Sui
3641,Ashton Kutcher
3642,Ben Stiller
3643,Anna Kendrick
3644,Amanda Peet
3645,Adrianne Palicki
3646,Anthony Mackie
3647,Anne Hathaway
3648,Audrey Tautou
3649,Alan Arkin
3650,Art Carney
3651,Antonio Banderas
3652,Bill Daley
3653,Ashley Greene
3654,Anna Faris
3655,Anderson Cooper
3656,Antonio Banderas
3657,Alexis Thorpe
3658,Andrew Garfield
3659,Albert Finney
3660,Bill Rancic
3661,Anthony Perkins
3662,Aaron Taylor-Johnson
3663,Alicia Vikander
3664,Alan Rickman
3665,Bill Hader
3666,Adriana Barraza
3667,Amanda Bynes
3668,Albert Brooks
3669,Al Roker
3670,Ava Gardner
3671,Barry Pepper
3672,Audrey Tautou
3673,Art Carney
3674,Ali Larter
3675,Andrew Luck
3676,AnnaSophia Robb
3677,Arnold Schwarzenegger
3678,Benicio Del Toro
3679,Andrew Luck
3680,Adam Sandler
3681,Art Carney
3682,Benicio Del Toro
3683,Albert Finney
3684,Andy Serkis
3685,Albert Finney
3686,Bella Hadid
3687,Ben Affleck
3688,Al Roker
3689,Adele
3690,Bill Paxton
3691,Alice Eve
3692,Benedict Cumberbatch
3693,Anthony Mackie
3694,Adrianne Palicki
3695,Barabara Palvin
3696,Bill Murray
3697,Benjamin Bratt
3698,Bill Murray
3699,Amanda Seyfried
3700,Andie MacDowell
3701,Andreea Diaconu
3702,Adrianne Palicki
3703,Al Roker
3704,Ben Foster
3705,Anderson Cooper
3706,Andy Murray
3707,Betty White
3708,Ben Foster
3709,Barry Pepper
3710,Arnold Schwarzenegger
3711,Anderson Cooper
3712,Ben Stiller
3713,Ava Gardner
3714,Betty White
3715,Benedict Cumberbatch
3716,Ashley Graham
3717,Ashley Judd
3718,Alessandra Ambrosio
3719,Ben Affleck
3720,Ben Kingsley
3721,Ben Johnson
3722,Andie MacDowell
3723,Art Carney
3724,Anderson Cooper
3725,Adele
3726,Albert Brooks
3727,Aaron Paul
3728,Aaron Judge
3729,Andy Garcia
3730,Bella Hadid
3731,Angelina Jolie
3732,Audrey Tautou
3733,Anna Friel
3734,Aaron Paul
3735,Bill Daley
3736,Betty White
3737,Andreea Diaconu
3738,Berenice Bejo
3739,Andrew Luck
3740,Anna Faris
3741,Ashley Judd
3742,Antonio Banderas
3743,Aaron Taylor-Johnson
3744,Adriana Lima
3745,Art Carney
3746,Bella Hadid
3747,Andy Murray
3748,Anthony Mackie
3749,Anna Faris
3750,Alx James
3751,Anderson Cooper
3752,Ashton Kutcher
3753,Alan Arkin
3754,Angelina Jolie
3755,Bill Pullman
3756,Amanda Seyfried
3757,Aaron Judge
3758,Ashley Judd
3759,Amanda Peet
3760,Alx James
3761,Beyonce Knowles
3762,Alan Alda
3763,Benicio Del Toro
3764,Ashley Graham
3765,Anna Paquin
3766,Angelina Jolie
3767,Ben Affleck
3768,Anna Sui
3769,Beyonce Knowles
3770,Anderson Cooper
3771,Alan Rickman
3772,Aaron Paul
3773,Bernie Mac
3774,Ben Affleck
3775,Armin Mueller-Stahl
3776,Anna Faris
3777,Adrianne Palicki
3778,Anna Friel
3779,Anna Faris
3780,Amy Schumer
3781,Alexandra Daddario
3782,Abigail Breslin
3783,Ashton Kutcher
3784,Anne Baxter
3785,Anne Bancroft
3786,Ashley Greene
3787,Art Carney
3788,Andy Murray
3789,Andy Garcia
3790,Alan Arkin
3791,Alexis Thorpe
3792,Aaron Paul
3793,Adriana Lima
3794,Barry Pepper
3795,Ben Stiller
3796,Alan Rickman
3797,Ashton Kutcher
3798,Alan Rickman
3799,Billy Bob Thornton
3800,Barabara Palvin
3801,Amber Heard
3802,Benedict Cumberbatch
3803,Albert Finney
3804,Ashton Kutcher
3805,Bill Hader
3806,Anna Sui
3807,Amy Adams
3808,Alan Alda
3809,Ashley Judd
3810,Audrey Tautou
3811,Adrien Brody
3812,Ben Affleck
3813,Anderson Cooper
3814,Adriana Barraza
3815,Ava Gardner
3816,Bill Daley
3817,Benicio Del Toro
3818,Alec Baldwin
3819,Adriana Barraza
3820,Bill Hader
3821,Aaron Judge
3822,Amanda Bynes
3823,Anne Hathaway
3824,Anthony Mackie
3825,Bernie Mac
3826,Bella Hadid
3827,Akemi Darenogare
3828,Anthony Mackie
3829,Anne Hathaway
3830,Art Carney
3831,Bernie Mac
3832,Alexander Skarsgard
3833,Alexandra Daddario
3834,Barry Pepper
3835,Bernie Mac
3836,Bill O Reilly
3837,Adriana Lima
3838,Bette Midler
3839,Ben Johnson
3840,Andie MacDowell
3841,Amber Heard
3842,Anthony Mackie
3843,Ben Affleck
3844,Ben Affleck
3845,Andreea Diaconu
3846,Ashton Kutcher
3847,Alex Pettyfer
3848,Audrey Hepburn
3849,Adrianne Palicki
3850,Adam Sandler
3851,Ali Larter
3852,Anna Faris
3853,Barabara Palvin
3854,Andrew Lincoln
3855,Adriana Barraza
3856,Anthony Perkins
3857,Alexandra Daddario
3858,Anne Bancroft
3859,Anthony Mackie
3860,AnnaSophia Robb
3861,Ali Larter
3862,Adriana Barraza
3863,Akemi Darenogare
3864,Bill Daley
3865,Bill O Reilly
3866,Alec Baldwin
3867,Bill Murray
3868,Ben Stiller
3869,Anna Friel
3870,Andy Garcia
3871,Akemi Darenogare
3872,Anderson Cooper
3873,Anna Kendrick
3874,bella thorne
3875,Bernie Mac
3876,Anna Sui
3877,Armin Mueller-Stahl
3878,Alan Arkin
3879,Adrianne Palicki
3880,Alan Alda
3881,Art Carney
3882,Al Roker
3883,Barry Pepper
3884,Bill Pullman
3885,Abigail Breslin
3886,Alex Pettyfer
3887,Anne Bancroft
3888,Billy Bob Thornton
3889,Bill Hader
3890,Angelina Jolie
3891,Bill Murray
3892,Amber Heard
3893,Alexis Thorpe
3894,Bill Daley
3895,Barry Pepper
3896,Benicio Del Toro
3897,Arnold Schwarzenegger
3898,Adrien Brody
3899,Ben Johnson
3900,Andrew Lincoln
3901,Anne Bancroft
3902,Andy Murray
3903,Audrey Hepburn
3904,Bella Hadid
3905,AnnaSophia Robb
3906,Bernie Mac
3907,Ali Larter
3908,Andrew Lincoln
3909,Bill Daley
3910,Anthony Mackie
3911,Abigail Breslin
3912,Alan Alda
3913,Anna Kendrick
3914,Andy Samberg
3915,Anne Baxter
3916,Adriana Lima
3917,Anna Paquin
3918,Anthony Hopkins
3919,Andrew Luck
3920,Arnold Schwarzenegger
3921,Adrien Brody
3922,Andy Garcia
3923,Arnold Schwarzenegger
3924,Billy Bob Thornton
3925,Alicia Vikander
3926,Alan Arkin
3927,Alexander Skarsgard
3928,Anna Friel
3929,Alx James
3930,Adriana Barraza
3931,Amy Adams
3932,Alicia Vikander
3933,Anna Faris
3934,Ashley Greene
3935,Art Carney
3936,Antonio Banderas
3937,Ava Gardner
3938,Anthony Mackie
3939,Ashton Kutcher
3940,Ashton Kutcher
3941,Alx James
3942,Audrey Hepburn
3943,Alexandra Daddario
3944,Adriana Lima
3945,Anna Paquin
3946,Alan Rickman
3947,Alec Baldwin
3948,Aaron Judge
3949,Akemi Darenogare
3950,Alan Alda
3951,Alessandra Ambrosio
3952,Amber Heard
3953,Ben Kingsley
3954,Art Carney
3955,Alexander Skarsgard
3956,Andy Samberg
3957,Bernie Mac
3958,Ashley Greene
3959,Abigail Breslin
3960,Audrey Hepburn
3961,Audrey Hepburn
3962,Anthony Hopkins
3963,Annette Bening
3964,Andy Samberg
3965,Albert Finney
3966,Berenice Bejo
3967,Alex Pettyfer
3968,Ashton Kutcher
3969,Bill Daley
3970,Berenice Bejo
3971,Barry Pepper
3972,Andy Serkis
3973,Armin Mueller-Stahl
3974,Bill Paxton
3975,Ben Stiller
3976,Bella Hadid
3977,Bill Murray
3978,Alan Alda
3979,Anthony Mackie
3980,Andy Serkis
3981,AnnaSophia Robb
3982,Anjelica Huston
3983,Betty White
3984,Anne Baxter
3985,Andy Samberg
3986,Ashton Kutcher
3987,Alan Rickman
3988,Alx James
3989,Alice Eve
3990,Alessandra Ambrosio
3991,Anne Bancroft
3992,Ben Kingsley
3993,Amanda Seyfried
3994,Betty White
3995,Ashley Judd
3996,Ashley Graham
3997,Andy Garcia
3998,Adrianne Palicki
3999,Ali Larter
4000,Anne Baxter
4001,Amanda Peet
4002,Alan Alda
4003,Andreea Diaconu
4004,Andreea Diaconu
4005,Adriana Barraza
4006,Ashton Kutcher
4007,Bill Murray
4008,Bette Midler
4009,Alexander Skarsgard
4010,Ashley Greene
4011,Adrien Brody
4012,Bernie Mac
4013,Anne Bancroft
4014,Andrew Garfield
4015,Anthony Mackie
4016,Anna Paquin
4017,Barry Pepper
4018,Al Roker
4019,Alec Baldwin
4020,Arnold Schwarzenegger
4021,Anthony Mackie
4022,Ashton Kutcher
4023,Anne Bancroft
4024,Bill Daley
4025,Ashton Kutcher
4026,Anjelica Huston
4027,Ben Stiller
4028,Amanda Bynes
4029,Alex Pettyfer
4030,Amy Adams
4031,Anderson Cooper
4032,Aaron Paul
4033,Al Roker
4034,Berenice Bejo
4035,Ashton Kutcher
4036,Audrey Tautou
4037,Bill Paxton
4038,Audrey Hepburn
4039,Armin Mueller-Stahl
4040,Alexandra Daddario
4041,Albert Finney
4042,Art Carney
4043,Anthony Mackie
4044,Anne Bancroft
4045,Anne Bancroft
4046,Alx James
4047,Alan Arkin
4048,Adam Sandler
4049,Audrey Hepburn
4050,Billy Bob Thornton
4051,Adrien Brody
4052,Anthony Hopkins
4053,Anna Friel
4054,Bill Paxton
4055,Alexandra Daddario
4056,Benjamin Bratt
4057,Albert Finney
4058,Al Pacino
4059,Bill O Reilly
4060,Bill Daley
4061,Alan Rickman
4062,Ashton Kutcher
4063,Ashley Greene
4064,Art Carney
4065,Barry Pepper
4066,Billy Bob Thornton
4067,Ben Johnson
4068,Bella Hadid
4069,Berenice Bejo
4070,Bernie Mac
4071,Barry Pepper
4072,Audrey Tautou
4073,Alan Arkin
4074,Andie MacDowell
4075,Amy Schumer
4076,Adriana Barraza
4077,Anna Faris
4078,Amber Heard
4079,Angelina Jolie
4080,Angela Bassett
4081,Bernie Mac
4082,Barabara Palvin
4083,Bill Paxton
4084,Anna Kendrick
4085,Barabara Palvin
4086,Barabara Palvin
4087,Amber Heard
4088,Ashton Kutcher
4089,Al Roker
4090,Barry Pepper
4091,Barabara Palvin
4092,Ben Johnson
4093,Ben Johnson
4094,Albert Brooks
4095,Bill Paxton
4096,Ashley Graham
4097,Andy Samberg
4098,Amber Heard
4099,Bill Paxton
4100,Alicia Vikander
4101,Anderson Cooper
4102,Alan Alda
4103,Art Carney
4104,Bill O Reilly
4105,AnnaSophia Robb
4106,Andy Serkis
4107,Billy Bob Thornton
4108,Anderson Cooper
4109,Aaron Paul
4110,Alx James
4111,Ashton Kutcher
4112,Alx James
4113,Barry Pepper
4114,Adriana Lima
4115,Adriana Lima
4116,Analeigh Tipton
4117,Al Roker
4118,Alicia Vikander
4119,Antonio Banderas
4120,Anne Hathaway
4121,Anna Kendrick
4122,Arnold Schwarzenegger
4123,Betty White
4124,Anna Sui
4125,Ashton Kutcher
4126,Andreea Diaconu
4127,Alan Alda
4128,Barbra Streisand
4129,Alessandra Ambrosio
4130,Bill Paxton
4131,Andy Murray
4132,Alec Baldwin
4133,Ava Gardner
4134,Arnold Schwarzenegger
4135,Ashton Kutcher
4136,Andy Murray
4137,Adriana Lima
4138,Ali Larter
4139,Benedict Cumberbatch
4140,Berenice Bejo
4141,Andrew Lincoln
4142,Adriana Barraza
4143,Ashley Graham
4144,Adrien Brody
4145,AnnaSophia Robb
4146,Andrew Lincoln
4147,Audrey Hepburn
4148,Ben Stiller
4149,Bella Hadid
4150,Ava Gardner
4151,Barbra Streisand
4152,Alexandra Daddario
4153,Andy Murray
4154,bella thorne
4155,Alan Arkin
4156,bella thorne
4157,Adriana Lima
4158,Amanda Bynes
4159,Anjelica Huston
4160,Abigail Breslin
4161,Amber Heard
4162,Anna Faris
4163,Audrey Hepburn
4164,Alessandra Ambrosio
4165,Ashley Graham
4166,Andy Garcia
4167,Alx James
4168,Audrey Hepburn
4169,Alessandra Ambrosio
4170,Audrey Tautou
4171,bella thorne
4172,AnnaSophia Robb
4173,Art Carney
4174,Ashley Judd
4175,Andy Samberg
4176,Bella Hadid
4177,Alan Rickman
4178,Barbra Streisand
4179,Barry Pepper
4180,Berenice Bejo
4181,Akemi Darenogare
4182,Ali Larter
4183,Audrey Hepburn
4184,Audrey Hepburn
4185,Bill Paxton
4186,Audrey Hepburn
4187,Barabara Palvin
4188,Alan Arkin
4189,Anna Sui
4190,Barabara Palvin
4191,Alexis Thorpe
4192,Bette Midler
4193,Ashley Greene
4194,Anne Baxter
4195,Alexandra Daddario
4196,Billy Bob Thornton
4197,Ben Kingsley
4198,Aaron Taylor-Johnson
4199,Alexandra Daddario
4200,Adele
4201,Betty White
4202,Alessandra Ambrosio
4203,Alec Baldwin
4204,Anna Faris
4205,Betty White
4206,Ashley Judd
4207,Anthony Hopkins
4208,Bella Hadid
4209,Billy Bob Thornton
4210,Adele
4211,Anthony Hopkins
4212,Bill Hader
4213,Ashley Greene
4214,Ashley Graham
4215,Billy Bob Thornton
4216,Andy Serkis
4217,Amanda Seyfried
4218,Adriana Barraza
4219,Angela Bassett
4220,Alessandra Ambrosio
4221,Alexis Thorpe
4222,Adriana Barraza
4223,Alan Rickman
4224,Billy Bob Thornton
4225,Bernie Mac
4226,Abigail Breslin
4227,Adele
4228,Alexandra Daddario
4229,Ali Larter
4230,Ali Larter
4231,Ben Affleck
4232,Ashton Kutcher
4233,Anne Bancroft
4234,Andy Serkis
4235,Arnold Schwarzenegger
4236,Andy Samberg
4237,Andrew Garfield
4238,Alicia Vikander
4239,Anthony Hopkins
4240,Bill O Reilly
4241,Albert Finney
4242,Billy Bob Thornton
4243,Barabara Palvin
4244,Beyonce Knowles
4245,Amanda Peet
4246,Andie MacDowell
4247,Anderson Cooper
4248,Ben Foster
4249,Adrianne Palicki
4250,Al Roker
4251,Andy Murray
4252,Bill Daley
4253,Arnold Schwarzenegger
4254,Anna Paquin
4255,Art Carney
4256,Akemi Darenogare
4257,Ben Johnson
4258,Anthony Hopkins
4259,Annette Bening
4260,Amber Heard
4261,Bernie Mac
4262,Benjamin Bratt
4263,Bill Daley
4264,Annette Bening
4265,Arnold Schwarzenegger
4266,Anthony Mackie
4267,Amber Heard
4268,AnnaSophia Robb
4269,Andy Garcia
4270,Andrew Luck
4271,Audrey Hepburn
4272,Angela Bassett
4273,Anne Baxter
4274,Ashley Greene
4275,Andy Garcia
4276,Betty White
4277,Ava Gardner
4278,Ashley Judd
4279,Bernie Mac
4280,Aaron Taylor-Johnson
4281,Anna Faris
4282,Benjamin Bratt
4283,Anderson Cooper
4284,Adriana Barraza
4285,Ben Foster
4286,Alx James
4287,Bill Pullman
4288,Adele
4289,Ashton Kutcher
4290,Alec Baldwin
4291,Angelina Jolie
4292,Andrew Luck
4293,Ashton Kutcher
4294,Anthony Mackie
4295,Aaron Judge
4296,Anthony Hopkins
4297,Bernie Mac
4298,Anna Kendrick
4299,Anjelica Huston
4300,Anne Bancroft
4301,Andrew Garfield
4302,Andy Samberg
4303,Audrey Hepburn
4304,Bill Paxton
4305,Angela Bassett
4306,Anthony Perkins
4307,Alicia Vikander
4308,Barabara Palvin
4309,Anthony Mackie
4310,Ashley Graham
4311,Angela Bassett
4312,Alex Pettyfer
4313,Antonio Banderas
4314,Alan Alda
4315,Al Roker
4316,Andrew Garfield
4317,Aaron Judge
4318,Alx James
4319,Ben Kingsley
4320,Barry Pepper
4321,Audrey Hepburn
4322,Benicio Del Toro
4323,Alx James
4324,Ashley Judd
4325,Bill Murray
4326,Bill Murray
4327,Anna Kendrick
4328,Andrew Luck
4329,Adam Sandler
4330,Al Roker
4331,Audrey Hepburn
4332,Anne Hathaway
4333,Bernie Mac
4334,Anna Friel
4335,Anna Paquin
4336,Alan Rickman
4337,Andrew Luck
4338,Annette Bening
4339,Al Roker
4340,Alexis Thorpe
4341,Alec Baldwin
4342,Alex Pettyfer
4343,Alx James
4344,Andy Garcia
4345,Andrew Luck
4346,Alexis Thorpe
4347,Alicia Vikander
4348,Bella Hadid
4349,Alex Pettyfer
4350,Alan Rickman
4351,Betty White
4352,Art Carney
4353,Bill Rancic
4354,Audrey Hepburn
4355,Bill Hader
4356,Bernie Mac
4357,Ben Stiller
4358,Ava Gardner
4359,Bill Pullman
4360,Alan Alda
4361,Alexandra Daddario
4362,Armin Mueller-Stahl
4363,Billy Bob Thornton
4364,Amanda Crew
4365,Anderson Cooper
4366,Anthony Hopkins
4367,Barabara Palvin
4368,Andy Samberg
4369,Anjelica Huston
4370,Bill Rancic
4371,Ashley Greene
4372,Bill Hader
4373,Amanda Bynes
4374,Alan Rickman
4375,Bill Rancic
4376,Barabara Palvin
4377,AnnaSophia Robb
4378,Amy Schumer
4379,Anne Baxter
4380,Alx James
4381,Ashley Greene
4382,Alan Arkin
4383,Bella Hadid
4384,Beyonce Knowles
4385,Ben Foster
4386,Alan Alda
4387,Ashton Kutcher
4388,Alan Rickman
4389,Bill Hader
4390,Anthony Mackie
4391,Bernie Mac
4392,Adrianne Palicki
4393,Benedict Cumberbatch
4394,Amy Adams
4395,Anthony Hopkins
4396,Anthony Hopkins
4397,Alx James
4398,Aaron Judge
4399,Adrianne Palicki
4400,Barbra Streisand
4401,Bill Daley
4402,Billy Bob Thornton
4403,Amanda Peet
4404,Betty White
4405,Alexandra Daddario
4406,Alicia Vikander
4407,Alan Arkin
4408,Barabara Palvin
4409,Aaron Paul
4410,Amber Heard
4411,AnnaSophia Robb
4412,Andy Murray
4413,Ben Kingsley
4414,Alx James
4415,Adrien Brody
4416,Bill O Reilly
4417,Adrianne Palicki
4418,Andie MacDowell
4419,Adam Sandler
4420,Alex Pettyfer
4421,Antonio Banderas
4422,Bill Hader
4423,Ben Kingsley
4424,Ashton Kutcher
4425,Adriana Lima
4426,Amanda Bynes
4427,Andreea Diaconu
4428,Andreea Diaconu
4429,Andrew Garfield
4430,Audrey Hepburn
4431,Andy Murray
4432,Al Roker
4433,Albert Brooks
4434,Ben Stiller
4435,Bill Daley
4436,Billy Bob Thornton
4437,Anthony Hopkins
4438,Billy Bob Thornton
4439,Ava Gardner
4440,Berenice Bejo
4441,Ashley Greene
4442,Berenice Bejo
4443,Andrew Luck
4444,Akemi Darenogare
4445,Bill O Reilly
4446,Anthony Hopkins
4447,Ali Larter
4448,Ben Affleck
4449,Audrey Hepburn
4450,Benicio Del Toro
4451,Bill O Reilly
4452,Annette Bening
4453,Abigail Breslin
4454,Ashley Judd
4455,Anna Paquin
4456,AnnaSophia Robb
4457,Berenice Bejo
4458,Adriana Lima
4459,Bette Midler
4460,Ashley Judd
4461,Bill Daley
4462,Alicia Vikander
4463,Anthony Perkins
4464,Ashton Kutcher
4465,Alan Alda
4466,Arnold Schwarzenegger
4467,Barabara Palvin
4468,Ashton Kutcher
4469,Al Roker
4470,Alicia Vikander
4471,Al Pacino
4472,Akemi Darenogare
4473,Ashley Graham
4474,Bill Rancic
4475,Ben Johnson
4476,Andy Samberg
4477,Aaron Paul
4478,Akemi Darenogare
4479,Bill Pullman
4480,Bill Hader
4481,Bernie Mac
4482,Andy Samberg
4483,Alan Rickman
4484,Arnold Schwarzenegger
4485,Barabara Palvin
4486,Adrien Brody
4487,bella thorne
4488,Andrew Lincoln
4489,Amanda Bynes
4490,Albert Finney
4491,Adriana Barraza
4492,Andy Samberg
4493,Ashley Graham
4494,Ava Gardner
4495,Andrew Luck
4496,Albert Finney
4497,Ali Larter
4498,Adele
4499,Adele
4500,Bill Hader
4501,Abigail Breslin
4502,Al Pacino
4503,Anthony Perkins
4504,Anjelica Huston
4505,Anne Hathaway
4506,Billy Bob Thornton
4507,Audrey Tautou
4508,Amber Heard
4509,Alicia Vikander
4510,Alicia Vikander
4511,Audrey Hepburn
4512,Billy Bob Thornton
4513,Ashton Kutcher
4514,Ali Larter
4515,Ashley Graham
4516,Anne Bancroft
4517,Albert Brooks
4518,Andie MacDowell
4519,Angela Bassett
4520,Ashley Judd
4521,Ashton Kutcher
4522,Ben Johnson
4523,Bill Pullman
4524,Amber Heard
4525,Adele
4526,Ava Gardner
4527,Bella Hadid
4528,Alessandra Ambrosio
4529,Andy Garcia
4530,Adrien Brody
4531,Anthony Perkins
4532,Beyonce Knowles
4533,Bill Hader
4534,Aaron Taylor-Johnson
4535,Adrien Brody
4536,Andrew Luck
4537,Ben Affleck
4538,Arnold Schwarzenegger
4539,Anna Sui
4540,AnnaSophia Robb
4541,Audrey Hepburn
4542,Ashley Judd
4543,Analeigh Tipton
4544,Bernie Mac
4545,Albert Finney
4546,Bette Midler
4547,Amanda Seyfried
4548,Barry Pepper
4549,bella thorne
4550,Audrey Tautou
4551,Anna Sui
4552,Amanda Peet
4553,Barry Pepper
4554,Benjamin Bratt
4555,Bella Hadid
4556,Audrey Hepburn
4557,Bernie Mac
4558,Andrew Lincoln
4559,Bella Hadid
4560,Ashley Greene
4561,Barabara Palvin
4562,Amanda Bynes
4563,Amy Schumer
4564,Al Roker
4565,Audrey Hepburn
4566,Bella Hadid
4567,Ashley Graham
4568,Anthony Mackie
4569,Anne Baxter
4570,Amy Ryan
4571,Audrey Tautou
4572,bella thorne
4573,Anthony Mackie
4574,Andy Serkis
4575,Bill Pullman
4576,Bill Daley
4577,Anne Baxter
4578,Beyonce Knowles
4579,Ashley Graham
4580,Analeigh Tipton
4581,Alice Eve
4582,Barbra Streisand
4583,Berenice Bejo
4584,Alice Eve
4585,Amy Adams
4586,Alan Alda
4587,Andy Serkis
4588,Ali Larter
4589,Ava Gardner
4590,Benicio Del Toro
4591,Ben Johnson
4592,Alec Baldwin
4593,Ashton Kutcher
4594,Amanda Seyfried
4595,Ashley Judd
4596,Alx James
4597,Audrey Hepburn
4598,Ava Gardner
4599,Anna Friel
4600,Alx James
4601,Aaron Paul
4602,Anjelica Huston
4603,Akemi Darenogare
4604,Anne Hathaway
4605,Adrien Brody
4606,Amanda Seyfried
4607,Andrew Lincoln
4608,Anjelica Huston
4609,Anjelica Huston
4610,Bella Hadid
4611,Betty White
4612,Alicia Vikander
4613,Bill O Reilly
4614,Benedict Cumberbatch
4615,Alan Alda
4616,Adrien Brody
4617,Ali Larter
4618,Anjelica Huston
4619,Betty White
4620,Angelina Jolie
4621,Aaron Judge
4622,bella thorne
4623,Anthony Mackie
4624,Andrew Luck
4625,Alx James
4626,Anna Sui
4627,Adriana Lima
4628,Angelina Jolie
4629,Andrew Luck
4630,Bill Pullman
4631,Bella Hadid
4632,Audrey Tautou
4633,Anna Paquin
4634,Audrey Hepburn
4635,Anna Faris
4636,Art Carney
4637,Anna Sui
4638,Ben Foster
4639,Ava Gardner
4640,Aaron Judge
4641,Alan Rickman
4642,Audrey Tautou
4643,Alx James
4644,Anna Faris
4645,Ali Larter
4646,Betty White
4647,Antonio Banderas
4648,Benedict Cumberbatch
4649,Ashley Greene
4650,Art Carney
4651,Adriana Lima
4652,Aaron Taylor-Johnson
4653,Barabara Palvin
4654,Albert Finney
4655,Ben Foster
4656,Ben Johnson
4657,Berenice Bejo
4658,Ben Kingsley
4659,Amy Ryan
4660,Alice Eve
4661,Andie MacDowell
4662,Adrien Brody
4663,Anna Sui
4664,Anne Bancroft
4665,Andy Samberg
4666,Benjamin Bratt
4667,Ashton Kutcher
4668,Aaron Taylor-Johnson
4669,Ben Affleck
4670,Alexis Thorpe
4671,Ali Larter
4672,Art Carney
4673,Adrianne Palicki
4674,Ashley Judd
4675,Bill Daley
4676,Albert Brooks
4677,Audrey Hepburn
4678,Beyonce Knowles
4679,Adriana Lima
4680,Anthony Hopkins
4681,Andreea Diaconu
4682,Amanda Seyfried
4683,Adriana Lima
4684,Ashton Kutcher
4685,Alan Arkin
4686,Art Carney
4687,Bella Hadid
4688,Al Pacino
4689,Audrey Tautou
4690,Adrianne Palicki
4691,Angelina Jolie
4692,Bill Pullman
4693,Anthony Hopkins
4694,Andrew Lincoln
4695,Berenice Bejo
4696,Alan Rickman
4697,Ben Kingsley
4698,Bill Daley
4699,Art Carney
4700,Bill Murray
4701,Alan Rickman
4702,Alexandra Daddario
4703,Adele
4704,Audrey Hepburn
4705,bella thorne
4706,Adriana Lima
4707,Antonio Banderas
4708,Ashton Kutcher
4709,Amy Ryan
4710,Anna Kendrick
4711,Abigail Breslin
4712,Ashton Kutcher
4713,Al Roker
4714,Analeigh Tipton
4715,Analeigh Tipton
4716,Betty White
4717,Andie MacDowell
4718,Art Carney
4719,Alexis Thorpe
4720,Betty White
4721,Ava Gardner
4722,Bill Rancic
4723,Anthony Hopkins
4724,Berenice Bejo
4725,Analeigh Tipton
4726,Albert Brooks
4727,Alan Arkin
4728,Albert Brooks
4729,Ben Johnson
4730,Benedict Cumberbatch
4731,Berenice Bejo
4732,AnnaSophia Robb
4733,Anna Friel
4734,Barry Pepper
4735,Ava Gardner
4736,Ben Affleck
4737,Adriana Lima
4738,Alessandra Ambrosio
4739,Analeigh Tipton
4740,Ashley Greene
4741,Andy Garcia
4742,Alan Arkin
4743,Audrey Hepburn
4744,Amy Adams
4745,Ashley Graham
4746,Bernie Mac
4747,Anna Kendrick
4748,Andrew Lincoln
4749,bella thorne
4750,Bella Hadid
4751,Bernie Mac
4752,Bill Murray
4753,Anna Kendrick
4754,Alx James
4755,Bill Rancic
4756,Bill Paxton
4757,Barbra Streisand
4758,Anne Baxter
4759,Amanda Seyfried
4760,Alex Pettyfer
4761,Barbra Streisand
4762,Art Carney
4763,Andreea Diaconu
4764,Abigail Breslin
4765,Audrey Tautou
4766,Ben Stiller
4767,Adriana Lima
4768,Billy Bob Thornton
4769,Anthony Perkins
4770,Adrien Brody
4771,Alan Alda
4772,Audrey Hepburn
4773,Anna Paquin
4774,Ben Foster
4775,Alice Eve
4776,Bella Hadid
4777,Ben Foster
4778,Ben Johnson
4779,Ben Johnson
4780,Anna Friel
4781,Ava Gardner
4782,Ashley Greene
4783,Alx James
4784,Ben Foster
4785,Ali Larter
4786,Alicia Vikander
4787,Amy Ryan
4788,Alan Rickman
4789,Amber Heard
4790,Ben Johnson
4791,Ashley Graham
4792,Alicia Vikander
4793,Barry Pepper
4794,Amanda Peet
4795,Adrien Brody
4796,Benedict Cumberbatch
4797,Adriana Barraza
4798,Ben Johnson
4799,bella thorne
4800,Andie MacDowell
4801,Anna Faris
4802,Amanda Seyfried
4803,Ava Gardner
4804,Anna Sui
4805,Arnold Schwarzenegger
4806,Ashley Greene
4807,Alan Arkin
4808,Amber Heard
4809,Audrey Tautou
4810,Andrew Luck
4811,Anna Faris
4812,Bill Hader
4813,Anne Baxter
4814,Audrey Tautou
4815,Angela Bassett
4816,Audrey Tautou
4817,Bella Hadid
4818,Andy Samberg
4819,Bella Hadid
4820,Bill Pullman
4821,Anna Friel
4822,Alice Eve
4823,Andy Murray
4824,Adriana Barraza
4825,Amy Adams
4826,Audrey Hepburn
4827,Amanda Bynes
4828,Bill Daley
4829,Ali Larter
4830,Albert Finney
4831,Adam Sandler
4832,Anna Sui
4833,bella thorne
4834,Anna Kendrick
4835,Ashley Judd
4836,Audrey Tautou
4837,Andy Samberg
4838,Adrien Brody
4839,Anna Friel
4840,Aaron Paul
4841,Anne Baxter
4842,Bill Pullman
4843,Ben Foster
4844,bella thorne
4845,Bernie Mac
4846,Anna Friel
4847,Anthony Perkins
4848,Aaron Judge
4849,Ashley Greene
4850,Arnold Schwarzenegger
4851,Armin Mueller-Stahl
4852,Benicio Del Toro
4853,Alan Rickman
4854,Bella Hadid
4855,Betty White
4856,Alexandra Daddario
4857,Barry Pepper
4858,Bill Hader
4859,Amber Heard
4860,Alexander Skarsgard
4861,Ben Foster
4862,Andrew Luck
4863,Barbra Streisand
4864,Ali Larter
4865,Bill Paxton
4866,Anna Paquin
4867,Andie MacDowell
4868,Audrey Hepburn
4869,Anne Baxter
4870,Ali Larter
4871,Arnold Schwarzenegger
4872,Bella Hadid
4873,Alicia Vikander
4874,Andy Garcia
4875,Alicia Vikander
4876,Adriana Lima
4877,Adriana Lima
4878,Alan Alda
4879,Benjamin Bratt
4880,Akemi Darenogare
4881,Andrew Garfield
4882,Alice Eve
4883,Alexander Skarsgard
4884,Amy Adams
4885,Andrew Lincoln
4886,Alexander Skarsgard
4887,Alexis Thorpe
4888,Aaron Judge
4889,Alessandra Ambrosio
4890,Aaron Paul
4891,Barry Pepper
4892,Antonio Banderas
4893,Ben Affleck
4894,Ashton Kutcher
4895,Al Roker
4896,Barabara Palvin
4897,Adele
4898,Adriana Barraza
4899,Anthony Mackie
4900,Aaron Paul
4901,Audrey Hepburn
4902,Beyonce Knowles
4903,Akemi Darenogare
4904,Bill O Reilly
4905,Bill Murray
4906,Ashley Greene
4907,Al Pacino
4908,Andy Murray
4909,Ben Johnson
4910,Audrey Hepburn
4911,Andrew Luck
4912,Benicio Del Toro
4913,Ashley Greene
4914,Ben Affleck
4915,Andy Serkis
4916,Amy Schumer
4917,Berenice Bejo
4918,Ben Johnson
4919,Aaron Taylor-Johnson
4920,Betty White
4921,Amy Ryan
4922,Bella Hadid
4923,Anthony Mackie
4924,Bill O Reilly
4925,Anne Baxter
4926,Ashton Kutcher
4927,Audrey Hepburn
4928,Bill O Reilly
4929,Abigail Breslin
4930,Ashton Kutcher
4931,Anna Sui
4932,Ben Affleck
4933,Angela Bassett
4934,Benicio Del Toro
4935,Adriana Lima
4936,Bill Daley
4937,Barbra Streisand
4938,Billy Bob Thornton
4939,Al Roker
4940,Anthony Mackie
4941,Arnold Schwarzenegger
4942,Anne Baxter
4943,Ashley Graham
4944,Ashton Kutcher
4945,Ashley Judd
4946,Angela Bassett
4947,Art Carney
4948,Ben Kingsley
4949,Anne Bancroft
4950,Alan Alda
4951,Bill Daley
4952,Anna Faris
4953,Bill Pullman
4954,Anjelica Huston
4955,Albert Finney
4956,Ashton Kutcher
4957,Alexander Skarsgard
4958,Bill Murray
4959,Amanda Bynes
4960,Anjelica Huston
4961,Aaron Paul
4962,Alec Baldwin
4963,Al Pacino
4964,Anne Bancroft
4965,Anthony Mackie
4966,Andrew Lincoln
4967,Art Carney
4968,Abigail Breslin
4969,Bill Pullman
4970,Adriana Lima
4971,Adrianne Palicki
4972,Alexis Thorpe
4973,Alex Pettyfer
4974,Albert Finney
4975,Amanda Crew
4976,bella thorne
